hombre	personas	D	etnia	Z	ocupado_jefe	ingreso_jefe_hogar
0.00	4.00	0.00	0.00	-1,385393977	0.00	123,3000031
1.00	3.00	0.00	1.00	-0,8721838	0.00	50.00
1.00	9.00	0.00	1.00	-1,585653305	1.00	19,5
1.00		0.00	1.00	0,89229399	1.00	103,5
1.00	7.00	0.00	0.00	-0,772169054	0.00	165.00
1.00	6.00	0.00	1.00	-1,928423285	1.00	21,5
1.00	6.00	0.00	1.00	-0,860665441	1.00	40,79999924
1.00	6.00	0.00	0.00	0,156120613	1.00	165,8099976
1.00	4.00	0.00	1.00	-1,638796926	0.00	29,5
0.00	5.00	0.00	1.00	-1,606810689	1.00	59,5
0.00	9.00	0.00	0.00	-0,731793165	1.00	51,59999847
1.00	4.00	0.00	0.00	-1,447961926	1.00	15,60000038
0.00	3.00	0.00	0.00	-2,795918941	1.00	29.00
0.00	6.00	0.00	0.00	-1,59106493	0.00	140,5
1.00	5.00	0.00	1.00	-2,567565918	1.00	85.00
0.00	4.00	0.00	0.00	-0,998003006	1.00	0.00
0.00	3.00	0.00	1.00	-1,912755013	0.00	49,5
0.00	3.00	0.00	0.00	-1,728049994	1.00	39,5
1.00	4.00	0.00	1.00	-0,575158775	1.00	45.00
1.00	4.00	0.00	1.00	-1,836514711	1.00	29,5
0.00		0.00	1.00	1,645061255	1.00	43,79999924
1.00		0.00	1.00	-0,196394667	1.00	21.00
0.00	7.00	0.00	0.00	-0,665866256	0.00	284,6000061
1.00	6.00	0.00	0.00	-0,783965409	0.00	31,79999924
1.00	4.00	0.00	1.00	-1,512311339	1.00	43.00
0.00		0.00	1.00	1,250816226	1.00	120,5
0.00	4.00	0.00	1.00	-0,669995964	1.00	10.00
1.00	8.00	0.00	1.00	-0,507616639	1.00	121.00
0.00	6.00	0.00	0.00	-0,248454288	1.00	20.00
0.00	3.00	0.00	1.00	-1,710550785	0.00	123.00
0.00	7.00	0.00	0.00	-0,922472656	1.00	83,30000305
1.00	3.00	0.00	1.00	-2,38726449	1.00	23,20000076
0.00	3.00	0.00	0.00	0,023466	1.00	15,5
1.00	4.00	0.00	0.00	0,514374733	1.00	80,5
0.00	3.00	0.00	0.00	0,361784101	1.00	88,5
0.00	6.00	0.00	0.00	-1,654353023	1.00	69,5
0.00		0.00	1.00	-0,262026846	1.00	55.00
1.00	6.00	0.00	1.00	-1,374470711	1.00	160.00
1.00	5.00	0.00	0.00	-1,899502993	0.00	69,5
1.00	6.00	0.00	0.00	2,400788069	1.00	115,4990997
1.00	4.00	0.00	0.00	-0,277504295	1.00	0.00
1.00	3.00	0.00	0.00	-1,411409974	0.00	30.00
1.00	7.00	0.00	0.00	-1,110991001	1.00	546.00
0.00	4.00	0.00	1.00	-0,976288736	1.00	19.00
1.00	5.00	0.00	1.00	-1,396173	1.00	21,5
1.00	8.00	0.00	1.00	-1,323067665	1.00	1,040.00
0.00	7.00	0.00	0.00	0,594666898	1.00	86,69999695
1.00		0.00	1.00	-0,119472533	0.00	122,8293991
0.00	6.00	0.00	1.00	-1,111488104	0.00	63.00
1.00	4.00	0.00	0.00	-1,906373978	0.00	158,1000061
1.00	5.00	0.00	0.00	-1,676898003	1.00	73,5
0.00	5.00	0.00	1.00	-1,094076753	1.00	53,29999924
0.00	9.00	0.00	0.00	-0,194023401	1.00	31,70000076
1.00	3.00	0.00	0.00	0,630375743	1.00	40,5
0.00	4.00	0.00	0.00	-0,688954949	1.00	108.00
0.00	6.00	0.00	0.00	-1,101513982	1.00	10.00
1.00	6.00	0.00	1.00	-1,874839425	1.00	74,5
0.00	4.00	0.00	1.00	-1,465780497	1.00	10.00
0.00	4.00	0.00	0.00	-0,175414994	1.00	175,4400024
1.00	2.00	0.00	1.00	-2,41075325	1.00	0.00
1.00		0.00	1.00	-0,3034482	1.00	70.00
0.00	5.00	0.00	1.00	-1,765847087	1.00	85,5
1.00	4.00	0.00	0.00	-1,023344994	1.00	69.00
0.00	3.00	0.00	0.00	0,774023533	0.00	10,5
1.00	4.00	0.00	1.00	-2,305551529	0.00	119.00
0.00	4.00	0.00	0.00	-0,259341508	1.00	36.00
0.00	4.00	0.00	0.00	-0,433136821	1.00	0.00
1.00	4.00	0.00	1.00	-0,672514796	0.00	43.00
0.00		0.00	1.00	0,605811954	1.00	18,5
1.00	4.00	0.00	1.00	-2,046838045	1.00	599,5
1.00	5.00	0.00	1.00	-1,357860565	1.00	111,5999985
0.00	6.00	0.00	0.00	-1,907158971	1.00	5,5
0.00	10.00	0.00	1.00	-0,828397572	1.00	176.00
0.00	4.00	0.00	1.00	-0,919791877	1.00	43.00
1.00		0.00	1.00	0,845714211	0.00	80,5
1.00	8.00	0.00	1.00	-1,635981679	1.00	89,5
0.00	6.00	0.00	1.00	-1,543598175	0.00	63.00
0.00	8.00	0.00	1.00	-1,32335937	1.00	58,29999924
0.00	3.00	0.00	1.00	-0,717296898	1.00	0.00
0.00	3.00	0.00	0.00	0,654597998	0.00	110,5
0.00	5.00	0.00	0.00	-1,293053031	1.00	0.00
0.00	7.00	0.00	0.00	-3,104184866	1.00	62.00
0.00	7.00	0.00	0.00	0,930994511	1.00	20,5
0.00	5.00	0.00	1.00	-0,609174728	1.00	21,20000076
1.00	3.00	0.00	0.00	-1,270825982	1.00	1,350.00
0.00	4.00	0.00	0.00	1,313152075	1.00	160,5
1.00	5.00	0.00	0.00	-2,381376982	1.00	21.00
0.00		0.00	1.00	-0,109002717	1.00	135.00
0.00	3.00	0.00	1.00	-1,033627272	1.00	100.00
0.00	6.00	0.00	0.00	-0,157349095	1.00	64.00
1.00	2.00	0.00	0.00	-0,751404703	1.00	35.00
0.00	3.00	0.00	0.00	-1,402150035	1.00	70.00
1.00	3.00	0.00	0.00	-0,881356299	0.00	44.00
1.00	3.00	0.00	1.00	-1,488073587	1.00	5.00
0.00	6.00	0.00	1.00	-5,058271885	0.00	63.00
1.00		0.00	1.00	0,008516965	1.00	55,5
1.00	10.00	0.00	0.00	1,454967022	1.00	104,4996033
1.00	11.00	0.00	0.00	-2,391015053	1.00	31.00
1.00	7.00	0.00	1.00	-1,75699234	1.00	111,8000031
0.00	4.00	0.00	0.00	-0,105323404	1.00	118,3000031
1.00	5.00	0.00	1.00	-1,193840861	1.00	45.00
0.00	3.00	0.00	0.00	-0,026230499	1.00	0,5
0.00	5.00	0.00	0.00	0,706347108	1.00	98,80000305
0.00		0.00	1.00	0,496744096	0.00	120,5
0.00	6.00	0.00	1.00	-1,543105721	1.00	13,5
0.00	5.00	0.00	0.00	-1,692884922	1.00	42,5
1.00		0.00	1.00	0,400267959	0.00	18,5
0.00	4.00	0.00	1.00	-0,458268166	1.00	80.00
0.00	13.00	0.00	1.00	-0,933340788	0.00	104,5999985
1.00	4.00	0.00	0.00	-0,84866786	1.00	46.00
1.00	5.00	0.00	0.00	-1,953868985	0.00	59,5
1.00	5.00	0.00	0.00	-2,189651966	1.00	66.00
1.00	4.00	0.00	1.00	-2,227901697	1.00	14.00
0.00	3.00	0.00	0.00	-1,813984036	1.00	37,5
1.00	5.00	0.00	0.00	-1,45401001	0.00	90.00
1.00	9.00	0.00	0.00	-0,124839403	1.00	215.00
1.00	2.00	0.00	0.00	-3,598711967	1.00	99.00
1.00	6.00	0.00	0.00	-0,367980301	0.00	45,59999847
0.00		0.00	1.00	-0,172187164	0.00	30.00
0.00	7.00	0.00	1.00	-2,023375511	0.00	128,1999969
0.00	4.00	0.00	1.00	-0,969758987	1.00	60.00
0.00	5.00	0.00	0.00	-1,023777962	1.00	53.00
0.00	4.00	0.00	0.00	-5,1412673	1.00	39.00
0.00	4.00	0.00	0.00	-0,652974606	1.00	37,20000076
1.00	6.00	0.00	0.00	0,411243677	1.00	113,5
0.00	3.00	0.00	1.00	-0,868302882	0.00	0.00
0.00	5.00	0.00	0.00	-0,550183952	1.00	78,40000153
1.00	5.00	0.00	0.00	0,300093591	1.00	90,5
1.00	4.00	0.00	0.00	0,192822605	1.00	73,5
0.00	7.00	0.00	1.00	-1,038745522	1.00	90.00
1.00		0.00	1.00	2,219058514	1.00	40,5
0.00	9.00	0.00	1.00	-1,014839172	0.00	100.00
1.00		0.00	1.00	0,24663496	1.00	4,800000191
1.00	5.00	0.00	0.00	-1,512084961	1.00	70.00
1.00	5.00	0.00	0.00	-0,938374996	1.00	47,5
0.00	8.00	0.00	0.00	-0,4504475	1.00	173,1999969
0.00	5.00	0.00	0.00	-0,247580096	0.00	60.00
0.00		0.00	1.00	2,731426001	1.00	40,5
1.00	3.00	0.00	1.00	-0,599541485	0.00	86,59999847
1.00	3.00	0.00	0.00	-0,398391217	1.00	0.00
1.00	5.00	0.00	1.00	-1,996845365	1.00	31,5
0.00	4.00	0.00	1.00	-0,631733	1.00	44.00
0.00	4.00	0.00	0.00	-1,486343026	0.00	46.00
1.00	3.00	0.00	1.00	-2,225889921	0.00	70,30000305
0.00	6.00	0.00	0.00	-0,605320752	1.00	0.00
1.00		0.00	1.00	-0,300980836	1.00	64,5
0.00	7.00	0.00	1.00	-2,688256264	1.00	47.00
1.00	3.00	0.00	1.00	-0,884220958	1.00	68.00
1.00	4.00	0.00	1.00	-0,856520474	1.00	0.00
0.00	4.00	0.00	1.00	-2,026431084	1.00	9,5
1.00	12.00	0.00	1.00	-1,483905315	0.00	63,99980164
0.00	5.00	0.00	1.00	-0,401010752	1.00	56,45000076
1.00		0.00	1.00	0,523872733	1.00	80,5
0.00	6.00	0.00	1.00	-1,651093125	1.00	0.00
0.00	7.00	0.00	1.00	-1,644699812	1.00	89,5
0.00	5.00	0.00	1.00	-0,651453137	1.00	382.00
1.00		0.00	1.00	-0,226217732	1.00	45.00
1.00	4.00	0.00	0.00	0,737229943	1.00	200,3000031
0.00	10.00	0.00	1.00	-2,385918379	1.00	241,3999939
1.00	11.00	0.00	0.00	-0,884360254	0.00	101,5
1.00	2.00	0.00	1.00	-0,497371852	1.00	0.00
0.00	4.00	0.00	0.00	-1,217911959	1.00	87,59999847
0.00	9.00	0.00	1.00	-1,416271448	1.00	78.00
0.00	4.00	0.00	0.00	-0,326913208	0.00	24.00
0.00	8.00	0.00	1.00	-1,089204788	1.00	0.00
0.00	6.00	0.00	0.00	-0,589827955	1.00	48,45000076
0.00	5.00	0.00	0.00	-2,546644926	1.00	110.00
1.00		0.00	1.00	-0,06320855	1.00	25,79999924
0.00	4.00	0.00	0.00	2,785169125	1.00	253,3000031
1.00		0.00	1.00	0,11923214	1.00	140,5
1.00		0.00	1.00	-0,329205334	1.00	80.00
0.00	11.00	0.00	0.00	0,686703742	1.00	67,5
0.00	6.00	0.00	0.00	-3,468771935	0.00	31.00
1.00	4.00	0.00	0.00	0,713352799	1.00	60,5
0.00	4.00	0.00	1.00	-1,882208228	1.00	86,27999878
1.00	6.00	0.00	0.00	-1,016821027	1.00	165.00
0.00	4.00	0.00	0.00	-0,58420825	0.00	38.00
1.00		0.00	1.00	-0,266993016	1.00	31,99959946
1.00		0.00	1.00	0,063630156	1.00	20,5
1.00	3.00	0.00	1.00	-1,976490378	1.00	62,5
0.00	8.00	0.00	0.00	-1,847137928	1.00	39,5
0.00	6.00	0.00	1.00	-1,696243525	1.00	85,30000305
0.00	10.00	0.00	0.00	-2,358625889	1.00	114,8000031
1.00	4.00	0.00	0.00	-1,996096969	0.00	99,5
0.00	2.00	0.00	1.00	-0,592507482	1.00	92.00
0.00	4.00	0.00	1.00	-1,531024575	1.00	103,5
1.00	4.00	0.00	0.00	-3,390474081	1.00	69.00
1.00		0.00	1.00	-0,003344906	1.00	100,5
0.00		0.00	1.00	-0,314228684	1.00	12.00
0.00	5.00	0.00	0.00	-1,95005393	0.00	92,87000275
0.00	5.00	0.00	1.00	-0,953025162	1.00	38.00
0.00	3.00	0.00	0.00	-1,892344952	1.00	83,5
0.00	9.00	0.00	1.00	-2,341233492	1.00	43.00
0.00	9.00	0.00	1.00	-1,867208719	0.00	51,15000153
1.00	6.00	0.00	0.00	-1,678259969	1.00	23.00
0.00	3.00	0.00	0.00	0,415428996	1.00	20,5
0.00	6.00	0.00	0.00	-1,348837018	1.00	184.00
0.00	4.00	0.00	0.00	-0,779701352	0.00	24.00
1.00	10.00	0.00	1.00	-1,461531639	1.00	93,30000305
0.00	5.00	0.00	0.00	-3,514508009	1.00	36.00
1.00	10.00	0.00	1.00	-1,08249557	1.00	88.00
1.00		0.00	1.00	0,399470478	1.00	60,5
1.00	4.00	0.00	1.00	-1,495435238	0.00	43,29999924
1.00	3.00	0.00	0.00	-1,133095026	1.00	43.00
1.00	4.00	0.00	1.00	-1,846440554	1.00	86,19999695
1.00		0.00	1.00	0,460467905	1.00	228,5
1.00	6.00	0.00	0.00	-1,939875007	1.00	19,5
0.00	5.00	0.00	0.00	0,124775201	1.00	99,5
0.00	4.00	0.00	0.00	0,566324294	1.00	189,6999969
0.00	3.00	0.00	0.00	-0,69926095	0.00	20.00
0.00	8.00	0.00	0.00	-1,869794965	1.00	0.00
0.00	3.00	0.00	1.00	-4,649670601	1.00	61.00
0.00	6.00	0.00	1.00	-3,012902498	1.00	19.00
0.00	7.00	0.00	0.00	0,835953593	1.00	154,1999969
1.00	5.00	0.00	0.00	-2,21121192	1.00	43.00
0.00	5.00	0.00	1.00	-1,020710588	0.00	64.00
1.00	8.00	0.00	0.00	-3,045790911	1.00	54.00
1.00	5.00	0.00	0.00	-1,644858956	1.00	89,5
1.00	4.00	0.00	1.00	-0,740868747	1.00	60.00
0.00	3.00	0.00	0.00	-0,390321106	1.00	70.00
0.00	3.00	0.00	0.00	-0,091148704	1.00	15.00
1.00	3.00	0.00	1.00	-1,978732586	1.00	58,47999954
0.00	4.00	0.00	0.00	-0,095297098	1.00	179,3999939
0.00	4.00	0.00	0.00	-0,161770895	1.00	61.00
0.00	6.00	0.00	0.00	-0,930125058	1.00	52.00
1.00	4.00	0.00	0.00	-0,138987094	1.00	30.00
1.00	4.00	0.00	1.00	-1,194210172	1.00	90.00
1.00	4.00	0.00	0.00	-0,133350089	1.00	50.00
0.00	6.00	0.00	1.00	-1,68567276	1.00	89,5
1.00	3.00	0.00	1.00	-1,010590434	1.00	55.00
0.00	6.00	0.00	0.00	1,154981017	0.00	63,86999893
0.00	3.00	0.00	1.00	-1,051258445	1.00	100.00
1.00	4.00	0.00	1.00	-0,380273521	0.00	34,40000153
0.00	9.00	0.00	0.00	-1,17996192	1.00	543,2000122
0.00	3.00	0.00	1.00	-4,038841248	1.00	19.00
1.00	6.00	0.00	0.00	1,53550899	1.00	105,5
1.00	5.00	0.00	1.00	-1,131687522	1.00	44.00
0.00	4.00	0.00	0.00	-1,265383005	0.00	24.00
1.00	7.00	0.00	0.00	-1,943540931	0.00	65,5
0.00	4.00	0.00	0.00	0,138709709	1.00	30,5
1.00		0.00	1.00	0,140783057	1.00	122,9000015
0.00	5.00	0.00	1.00	-0,840830386	1.00	30.00
0.00	5.00	0.00	0.00	-0,865452051	0.00	51,59999847
1.00	6.00	0.00	1.00	-0,591727197	1.00	0.00
1.00		0.00	1.00	0,721028745	1.00	14,5
1.00	10.00	0.00	0.00	-1,029651999	1.00	150.00
0.00	3.00	0.00	0.00	-1,009303927	1.00	66.00
1.00	4.00	0.00	0.00	-1,861562014	1.00	69,5
0.00	3.00	0.00	1.00	-1,379876256	1.00	95,59999847
0.00	3.00	0.00	0.00	-0,217598692	1.00	20.00
1.00	9.00	0.00	1.00	-1,706821442	1.00	123,3000031
1.00	3.00	0.00	0.00	-1,884464979	1.00	43,5
1.00	5.00	0.00	0.00	0,518481135	0.00	52,70000076
0.00	8.00	0.00	0.00	-1,390679955	1.00	73,40000153
1.00	4.00	0.00	1.00	-0,863399267	0.00	190.00
1.00	6.00	0.00	1.00	-1,16838038	1.00	86,59999847
0.00	4.00	0.00	1.00	-1,575044751	1.00	236.00
0.00	6.00	0.00	0.00	-1,16572392	1.00	10.00
0.00	7.00	0.00	0.00	0,947307348	0.00	132,5
1.00	11.00	0.00	1.00	-3,107637882	1.00	148.00
1.00	8.00	0.00	1.00	-1,290122271	0.00	191.00
0.00	7.00	0.00	0.00	1,90298903	1.00	144,1000061
1.00	7.00	0.00	0.00	0,740589201	1.00	70,16999817
1.00	4.00	0.00	0.00	-1,511577964	1.00	50.00
0.00	4.00	0.00	1.00	-1,314564705	0.00	29,23999977
0.00	3.00	0.00	0.00	-2,155514956	0.00	29.00
0.00		0.00	1.00	0,071016118	1.00	0,5
1.00	5.00	0.00	0.00	-0,865586758	0.00	26.00
1.00	3.00	0.00	1.00	-0,834401727	1.00	74.00
1.00		0.00	1.00	0,710992992	1.00	30,5
0.00	9.00	0.00	1.00	-1,553097844	1.00	29,5
1.00	5.00	0.00	1.00	-1,665113211	1.00	44,5
1.00	3.00	0.00	0.00	-0,350556612	0.00	12.00
0.00	7.00	0.00	1.00	-5,504454136	1.00	9.00
1.00		0.00	1.00	-0,338226616	1.00	86,59999847
1.00	2.00	0.00	0.00	-0,0062705	1.00	0,5
0.00	10.00	0.00	0.00	-0,51795125	1.00	182.00
1.00	3.00	0.00	1.00	-0,740063429	1.00	95.00
0.00		0.00	1.00	0,557441175	1.00	100,5
0.00	2.00	0.00	0.00	-0,307097614	1.00	20.00
1.00	3.00	0.00	1.00	-1,01429379	0.00	50.00
0.00	8.00	0.00	1.00	-0,786864758	1.00	68,30000305
1.00	7.00	0.00	0.00	-2,751575947	0.00	190,4799957
1.00	5.00	0.00	1.00	-1,966318965	1.00	99,5
0.00	4.00	0.00	0.00	-1,737363935	0.00	199,4996033
0.00	6.00	0.00	1.00	-1,018165588	1.00	0.00
0.00	11.00	0.00	0.00	-1,022186995	1.00	90.00
1.00		0.00	1.00	-0,019545581	0.00	88,5
0.00	4.00	0.00	0.00	-1,914482951	1.00	0.00
1.00	7.00	0.00	0.00	-1,638461947	1.00	76,05000305
1.00	6.00	0.00	0.00	-0,224208996	1.00	25.00
1.00	4.00	0.00	0.00	-0,805542052	1.00	20.00
1.00	2.00	0.00	0.00	-0,13251999	1.00	120.00
1.00	5.00	0.00	1.00	-1,539030075	0.00	119,5
0.00		0.00	1.00	0,178795993	1.00	208,5
1.00		0.00	1.00	1,166024327	1.00	0,5
1.00	8.00	0.00	0.00	-1,616883993	1.00	67,5
1.00	9.00	0.00	1.00	-1,531877637	1.00	150,6000061
1.00	3.00	0.00	0.00	0,304062992	0.00	44,5
1.00		0.00	1.00	4,463601112	1.00	89,09999847
1.00	10.00	0.00	1.00	-2,153696299	1.00	29.00
0.00	2.00	0.00	0.00	1,451374054	1.00	50,5
1.00	8.00	0.00	1.00	-1,33409524	1.00	173,1999969
1.00	7.00	0.00	0.00	-1,05003798	1.00	133.00
0.00	7.00	0.00	0.00	-1,055927992	1.00	117,8000031
0.00	4.00	0.00	0.00	-1,176530957	0.00	0.00
1.00	5.00	0.00	0.00	1,396471024	1.00	122,5
1.00	6.00	0.00	0.00	0,988991797	1.00	80,5
0.00		0.00	1.00	-0,20230867	1.00	0.00
1.00	6.00	0.00	1.00	-1,986257195	1.00	49,5
0.00	6.00	0.00	1.00	-0,711052895	1.00	70.00
0.00	8.00	0.00	0.00	-1,813333988	0.00	14,5
0.00	4.00	0.00	1.00	-1,068303227	1.00	30.00
1.00	14.00	0.00	1.00	-0,944152594	0.00	79,19999695
1.00	5.00	0.00	0.00	-0,808232903	1.00	102.00
1.00	4.00	0.00	1.00	-1,179337978	1.00	43,29999924
0.00	4.00	0.00	0.00	-2,540860891	1.00	42.00
0.00	5.00	0.00	0.00	-0,0115251	0.00	9,800000191
0.00	8.00	0.00	1.00	-0,627087235	1.00	46,29999924
0.00		0.00	1.00	2,545226097	1.00	5,300000191
0.00	4.00	0.00	0.00	-1,128252983	0.00	72.00
0.00	4.00	0.00	0.00	-0,5722844	1.00	86.00
0.00	3.00	0.00	1.00	-1,147556186	0.00	86.00
1.00	5.00	0.00	1.00	-0,557985246	1.00	20.00
0.00	5.00	0.00	0.00	-1,392409921	1.00	16.00
1.00	8.00	0.00	1.00	-1,750675082	1.00	41.00
0.00	6.00	0.00	0.00	0,398553401	1.00	180,5
0.00	7.00	0.00	0.00	0,510017097	0.00	130,5
1.00	6.00	0.00	1.00	-0,445635229	1.00	91,40000153
1.00	5.00	0.00	1.00	-1,989602208	1.00	87,09999847
1.00	5.00	0.00	0.00	-3,184861898	1.00	0.00
0.00	2.00	0.00	0.00	-1,462571979	0.00	45.00
1.00	5.00	0.00	0.00	-0,778139055	0.00	113,8000031
0.00	4.00	0.00	0.00	-1,138190985	1.00	43,29999924
0.00	4.00	0.00	0.00	0,15365231	1.00	38,5
0.00	5.00	0.00	0.00	1,295951962	0.00	40,5
1.00	4.00	0.00	0.00	-0,715486407	1.00	74.00
0.00	6.00	0.00	0.00	0,216353312	1.00	87,30000305
1.00		0.00	1.00	0,527001798	0.00	20,5
0.00	5.00	0.00	1.00	-2,106321812	1.00	32.00
0.00	4.00	0.00	0.00	-0,271520108	1.00	97,5
1.00	7.00	0.00	0.00	-1,910472989	1.00	115,5
0.00	4.00	0.00	0.00	-3,055454969	0.00	42,29999924
0.00	4.00	0.00	1.00	-1,554028511	1.00	60,5
0.00	3.00	0.00	0.00	2,085628033	1.00	19,70000076
1.00	6.00	0.00	0.00	-0,980015993	1.00	41,5
0.00	6.00	0.00	0.00	-2,120243073	0.00	19.00
1.00	5.00	0.00	1.00	-1,829967022	0.00	9,5
0.00	3.00	0.00	0.00	-2,520358086	0.00	56.00
0.00		0.00	1.00	1,431402564	1.00	44,5
0.00	5.00	0.00	1.00	-1,957439542	0.00	41,5
0.00	5.00	0.00	1.00	-0,993651509	1.00	54,40000153
0.00		0.00	1.00	0,185175091	1.00	80,5
1.00	7.00	0.00	1.00	-1,761585355	0.00	153,5
0.00		0.00	1.00	0,048341215	1.00	40,5
0.00	2.00	0.00	0.00	-1,272570968	0.00	54.00
0.00	3.00	0.00	1.00	-1,087855935	1.00	43,70000076
1.00	4.00	0.00	0.00	-0,919328451	1.00	170.00
1.00	5.00	0.00	0.00	-0,882646859	1.00	82,76000214
1.00	4.00	0.00	1.00	-1,699277639	0.00	61,70000076
1.00		0.00	1.00	0,53975898	1.00	48,70000076
0.00	8.00	0.00	0.00	-0,428006321	1.00	116.00
0.00	6.00	0.00	0.00	-2,314182997	0.00	42,29999924
1.00		0.00	1.00	0,104858913	1.00	0,5
0.00	4.00	0.00	0.00	-0,328279823	0.00	0.00
1.00	3.00	0.00	1.00	-1,980413437	1.00	42,79999924
0.00	4.00	0.00	1.00	-1,897817135	1.00	67,5
0.00	7.00	0.00	1.00	-1,692997217	1.00	899,5
0.00	5.00	0.00	0.00	-1,481739998	1.00	60.00
1.00	4.00	0.00	0.00	0,0259775	1.00	62,5
0.00		0.00	1.00	2,86685133	1.00	310,5
1.00	3.00	0.00	1.00	-1,672075629	1.00	0.00
0.00	2.00	0.00	0.00	-1,386794925	1.00	8.00
0.00	5.00	0.00	0.00	0,236479208	1.00	213,8000031
0.00	5.00	0.00	1.00	-0,408511162	1.00	47.00
0.00	5.00	0.00	1.00	-1,129593968	0.00	45.00
1.00	4.00	0.00	1.00	-1,059747219	1.00	12.00
0.00	4.00	0.00	0.00	-1,148906946	0.00	45,40000153
0.00	7.00	0.00	1.00	-2,77799964	1.00	89.00
0.00	2.00	0.00	1.00	-0,762736678	0.00	9.00
1.00	8.00	0.00	0.00	-1,991104007	1.00	90,55999756
1.00	3.00	0.00	0.00	4,144609928	1.00	0,5
1.00	4.00	0.00	1.00	-3,095825195	1.00	49.00
1.00	3.00	0.00	1.00	-1,600061536	1.00	5,5
0.00		0.00	1.00	-0,193641931	1.00	10.00
1.00		0.00	1.00	0,119396545	1.00	50,5
0.00	4.00	0.00	0.00	-0,478785723	1.00	6.00
1.00	7.00	0.00	1.00	-0,719873786	1.00	40.00
0.00	6.00	0.00	1.00	-1,211710572	1.00	107,5
1.00	7.00	0.00	0.00	-2,612843037	1.00	60.00
1.00	5.00	0.00	0.00	-2,944640875	1.00	90.00
1.00	3.00	0.00	1.00	-1,762127519	1.00	104,5
1.00		0.00	1.00	0,653729081	1.00	87,09999847
1.00	4.00	0.00	1.00	-1,600458026	0.00	24,5
1.00	10.00	0.00	1.00	-1,056343079	1.00	5.00
0.00	7.00	0.00	0.00	-1,24742496	1.00	120.00
1.00	6.00	0.00	1.00	-1,56738162	1.00	85,5
1.00	4.00	0.00	1.00	-2,301976919	1.00	0.00
0.00	5.00	0.00	0.00	-0,888930798	1.00	115.00
1.00	6.00	0.00	1.00	-0,385689676	0.00	39.00
1.00		0.00	1.00	0,941588521	1.00	87,09999847
0.00	2.00	0.00	1.00	-0,969223201	1.00	0.00
0.00	4.00	0.00	0.00	-2,327301979	1.00	86,59999847
1.00	4.00	0.00	0.00	4,51098299	1.00	44,5
0.00		0.00	1.00	-0,245786816	1.00	65.00
0.00	6.00	0.00	1.00	-0,545323491	0.00	132,1999969
1.00		0.00	1.00	-0,243900761	1.00	86,59999847
1.00	6.00	0.00	1.00	-1,13074851	1.00	44,40000153
0.00	5.00	0.00	1.00	-1,587952256	1.00	1,5
0.00		0.00	1.00	2,072941303	0.00	90,5
1.00	4.00	0.00	1.00	-2,012031794	1.00	39,5
0.00	4.00	0.00	0.00	-0,293965101	0.00	43,20000076
1.00	3.00	0.00	0.00	1,466169	0.00	48,5
0.00	4.00	0.00	0.00	0,230379105	1.00	43,5
0.00	3.00	0.00	0.00	-1,237689972	0.00	86,59999847
0.00	4.00	0.00	0.00	-1,354598999	1.00	0.00
1.00	6.00	0.00	0.00	-1,677592993	1.00	82,5
1.00	6.00	0.00	1.00	-1,699617386	1.00	274,7000122
1.00	3.00	0.00	1.00	-4,193489075	0.00	105.00
0.00	4.00	0.00	1.00	-1,383264065	1.00	0.00
0.00	4.00	0.00	0.00	-2,713092089	0.00	102.00
1.00	10.00	0.00	0.00	-1,125180006	1.00	0.00
0.00	8.00	0.00	1.00	-1,038570404	1.00	9,600000381
1.00	3.00	0.00	0.00	-0,338791817	1.00	108.00
1.00	3.00	0.00	1.00	-1,90662539	1.00	42,5
0.00	6.00	0.00	0.00	0,190967411	0.00	173,9799957
1.00	5.00	0.00	0.00	-1,389559031	1.00	50.00
0.00	3.00	0.00	0.00	0,578376949	1.00	136.00
0.00	3.00	0.00	1.00	-1,19633615	0.00	0.00
1.00	5.00	0.00	1.00	-3,458964348	1.00	47.00
1.00	5.00	0.00	1.00	-1,209137797	1.00	53.00
1.00	6.00	0.00	1.00	-1,732895374	1.00	0.00
1.00	5.00	0.00	0.00	-1,675081015	0.00	0.00
1.00	6.00	0.00	0.00	-0,875189066	1.00	43,29999924
1.00	4.00	0.00	1.00	-1,956445098	0.00	129,5
1.00	5.00	0.00	0.00	-1,527897954	1.00	46.00
1.00	4.00	0.00	0.00	-2,162199974	1.00	1,399999976
0.00	3.00	0.00	0.00	0,224011213	1.00	30,5
1.00	6.00	0.00	1.00	-1,71470654	0.00	119,5
1.00	3.00	0.00	0.00	-0,973335803	1.00	45.00
0.00	5.00	0.00	1.00	-1,122178793	1.00	440.00
1.00		0.00	1.00	0,769378722	1.00	71,69999695
0.00	4.00	0.00	0.00	-0,044095702	1.00	128,8999939
0.00	6.00	0.00	0.00	-0,4351677	1.00	89.00
0.00	6.00	0.00	1.00	-1,726157784	0.00	12,5
0.00	5.00	0.00	0.00	-1,965790033	1.00	39,5
1.00	5.00	0.00	0.00	-0,025585899	0.00	85,5
1.00	4.00	0.00	1.00	-1,09198463	1.00	61,79999924
0.00		0.00	1.00	-0,263296187	1.00	78,25
0.00	5.00	0.00	0.00	-0,461540401	1.00	50.00
1.00	6.00	0.00	0.00	-0,615606308	1.00	64,5
1.00	4.00	0.00	1.00	-0,748560131	1.00	74,40000153
1.00	4.00	0.00	1.00	-1,603099465	1.00	43,5
1.00	4.00	0.00	0.00	-2,740302086	1.00	555,5999756
1.00	4.00	0.00	1.00	-1,377826571	0.00	0.00
1.00	9.00	0.00	1.00	-3,550822735	1.00	44,20000076
0.00	6.00	0.00	1.00	-1,205504298	0.00	42.00
0.00	11.00	0.00	0.00	0,216101006	1.00	128,5
1.00	5.00	0.00	0.00	-1,466470003	1.00	46.00
1.00	6.00	0.00	1.00	-3,164037466	0.00	99.00
1.00	4.00	0.00	1.00	-1,258371592	0.00	45.00
1.00	5.00	0.00	0.00	-0,394247711	0.00	60.00
1.00		0.00	1.00	0,825310111	1.00	105,5
0.00	5.00	0.00	0.00	-1,814604998	1.00	46,79999924
1.00	4.00	0.00	1.00	-1,271613836	1.00	50.00
0.00	3.00	0.00	1.00	-3,642786264	1.00	85.00
1.00	7.00	0.00	1.00	-1,989077926	1.00	90,30000305
0.00	11.00	0.00	0.00	0,885391295	1.00	73,90000153
0.00	4.00	0.00	1.00	-0,707345903	1.00	44.00
1.00	4.00	0.00	1.00	-1,211024761	1.00	48.00
1.00	3.00	0.00	1.00	-1,203380704	1.00	86.00
1.00	4.00	0.00	0.00	-1,040701985	0.00	18.00
0.00	4.00	0.00	1.00	-1,567572355	1.00	34,5
0.00	3.00	0.00	0.00	2,004704952	1.00	30,5
0.00		0.00	1.00	-0,248318076	1.00	50.00
1.00	4.00	0.00	0.00	-0,111332402	1.00	78.00
1.00	8.00	0.00	1.00	-1,696101665	1.00	59,5
0.00	6.00	0.00	0.00	1,322385073	1.00	44,5
0.00	4.00	0.00	1.00	-1,068478227	1.00	20,29999924
1.00	6.00	0.00	1.00	-1,486805439	1.00	200.00
0.00	6.00	0.00	1.00	-0,423181921	1.00	62,90000153
0.00	2.00	0.00	1.00	-1,105792165	1.00	10.00
0.00	5.00	0.00	1.00	-1,637105703	1.00	49,5
1.00		0.00	1.00	0,055496987	1.00	97,09999847
1.00	5.00	0.00	0.00	-1,770313025	0.00	115,6063995
1.00	6.00	0.00	0.00	-1,494076967	1.00	323.00
0.00	6.00	0.00	0.00	-2,471982956	1.00	50.00
1.00	6.00	0.00	0.00	-1,602295995	1.00	49,5
0.00		0.00	1.00	0,139956579	1.00	0,5
0.00	7.00	0.00	0.00	-0,304840803	1.00	140.00
0.00	6.00	0.00	1.00	-1,194344521	1.00	160.00
1.00	4.00	0.00	0.00	0,179480612	1.00	55,90000153
0.00	6.00	0.00	1.00	-2,04233408	1.00	59,5
1.00	2.00	0.00	0.00	-2,025151014	1.00	99,5
1.00		0.00	1.00	-0,30320859	1.00	70.00
1.00	3.00	0.00	0.00	1,311331034	1.00	67,87000275
1.00	2.00	0.00	1.00	-0,781409025	1.00	0.00
1.00	4.00	0.00	1.00	-1,413894773	1.00	44,90000153
0.00	11.00	0.00	0.00	0,771464944	1.00	47,5
1.00		0.00	1.00	1,32819593	1.00	43,5
1.00	4.00	0.00	0.00	-0,339170218	0.00	70.00
1.00	6.00	0.00	0.00	-1,653234959	1.00	42,5
0.00	10.00	0.00	1.00	-1,471597314	1.00	112.00
1.00	2.00	0.00	0.00	1,763671041	0.00	44,5
0.00	10.00	0.00	1.00	-2,882206678	1.00	56,40000153
0.00	6.00	0.00	1.00	-1,020577788	0.00	83,59999847
1.00	4.00	0.00	0.00	-4,863101006	1.00	137.00
1.00		0.00	1.00	1,119811773	0.00	143,8000031
1.00	7.00	0.00	1.00	-1,597123027	0.00	100,5
0.00	5.00	0.00	1.00	-1,287599325	1.00	5.00
0.00	5.00	0.00	1.00	-1,196047306	1.00	90.00
1.00	9.00	0.00	0.00	-0,549480855	1.00	238,6000061
1.00	5.00	0.00	0.00	-0,450984597	1.00	64,5
0.00	6.00	0.00	0.00	-1,875628948	1.00	37,5
1.00	6.00	0.00	1.00	-0,891325951	1.00	445.00
1.00	4.00	0.00	1.00	-1,722944975	1.00	179,5
1.00	5.00	0.00	0.00	0,0504121	1.00	0,5
1.00	8.00	0.00	1.00	-1,08129704	1.00	900.00
0.00	5.00	0.00	1.00	-1,850348353	1.00	81,19999695
0.00	5.00	0.00	0.00	-3,119108915	1.00	0.00
1.00	8.00	0.00	0.00	0,167285204	0.00	132,2799988
0.00	5.00	0.00	1.00	-1,638950109	0.00	0.00
1.00	4.00	0.00	0.00	-2,437820911	1.00	0.00
0.00		0.00	1.00	1,01497519	1.00	46,5
1.00	11.00	0.00	0.00	1,270346045	1.00	40,5
0.00	6.00	0.00	0.00	-1,579155922	1.00	89,90000153
1.00	12.00	0.00	1.00	-4,437788486	1.00	29.00
0.00	3.00	0.00	1.00	-1,086710811	1.00	51.00
0.00	7.00	0.00	0.00	-3,466919899	1.00	74,90000153
0.00	4.00	0.00	1.00	-0,372031063	1.00	94.00
0.00		0.00	1.00	0,649668574	0.00	94,5
0.00	10.00	0.00	1.00	-1,541750669	1.00	76,90000153
0.00	6.00	0.00	1.00	-1,348771095	0.00	49,29999924
1.00	4.00	0.00	0.00	-2,096668005	0.00	61,5
0.00	5.00	0.00	0.00	-1,246251941	1.00	45.00
1.00	3.00	0.00	0.00	-1,925848961	1.00	44,5
0.00	5.00	0.00	1.00	-1,679740071	1.00	83,5
1.00	5.00	0.00	0.00	-0,932907403	0.00	181.00
1.00	5.00	0.00	0.00	-0,59284085	1.00	21,5
1.00	6.00	0.00	0.00	-0,919515252	1.00	63,40000153
0.00	4.00	0.00	0.00	-0,63465625	1.00	70.00
1.00	5.00	0.00	0.00	-0,268972814	1.00	60.00
0.00	8.00	0.00	0.00	0,813594043	1.00	150,6000061
1.00	4.00	0.00	0.00	-1,824553967	1.00	29,5
1.00	11.00	0.00	1.00	-1,251912832	0.00	140.00
1.00	5.00	0.00	0.00	-1,935150981	1.00	39,5
0.00	4.00	0.00	0.00	-1,095988035	1.00	29.00
0.00		0.00	1.00	-0,283420712	1.00	40.00
0.00	6.00	0.00	0.00	-0,796687305	1.00	25.00
0.00	3.00	0.00	1.00	-0,879980206	0.00	57.00
1.00		0.00	1.00	0,967968881	1.00	30,5
1.00	6.00	0.00	1.00	-4,278699875	1.00	182.00
0.00	8.00	0.00	0.00	-2,016480923	1.00	175,1000061
0.00	5.00	0.00	0.00	-1,793480992	1.00	54,20000076
1.00	4.00	0.00	0.00	0,526826143	1.00	64,5
0.00	6.00	0.00	1.00	-1,790653229	1.00	539,5
1.00		0.00	1.00	0,125563368	0.00	45,5
1.00	6.00	0.00	0.00	-1,273646951	0.00	45,20000076
0.00	5.00	0.00	0.00	-2,222085953	1.00	95,77999878
0.00	3.00	0.00	1.00	-0,793793797	1.00	44.00
0.00	8.00	0.00	0.00	0,051750399	1.00	62,5
0.00		0.00	1.00	0,570647836	1.00	112,2399979
0.00	7.00	0.00	0.00	-0,995702863	1.00	88.00
1.00	6.00	0.00	0.00	-1,131224036	1.00	14.00
1.00		0.00	1.00	0,653496087	1.00	0,5
0.00	3.00	0.00	0.00	-2,483871937	0.00	599.00
1.00	4.00	0.00	1.00	-0,466547072	0.00	47.00
1.00	3.00	0.00	0.00	1,343288064	1.00	43,86999893
1.00	14.00	0.00	0.00	1,52175498	1.00	124,5
1.00	3.00	0.00	0.00	-0,664416552	1.00	43.00
0.00	8.00	0.00	1.00	-1,632945418	1.00	149,5
1.00	5.00	0.00	0.00	-0,684691668	1.00	212.00
0.00	4.00	0.00	1.00	-1,637754083	1.00	239,8995972
1.00	6.00	0.00	0.00	-0,546912253	1.00	30.00
1.00	11.00	0.00	0.00	-1,594851971	1.00	10,5
0.00	3.00	0.00	1.00	-1,292438865	1.00	44.00
1.00	4.00	0.00	1.00	-1,109006405	0.00	24.00
1.00		0.00	1.00	-0,02501699	0.00	156,5
0.00	6.00	0.00	1.00	-0,869707704	1.00	58.00
0.00	10.00	0.00	0.00	-0,112387404	1.00	214,7400055
0.00	3.00	0.00	0.00	0,251719296	0.00	0,5
1.00	2.00	0.00	0.00	0,419939697	1.00	42,5
0.00	4.00	0.00	1.00	-1,151844859	1.00	130.00
0.00	3.00	0.00	0.00	-0,430050313	1.00	75.00
0.00	5.00	0.00	1.00	-3,166443348	1.00	239.00
1.00	5.00	0.00	0.00	-1,76850903	1.00	109,5
1.00	9.00	0.00	0.00	-2,710083008	1.00	54,59999847
1.00	4.00	0.00	1.00	-1,111881256	1.00	31,5
1.00	3.00	0.00	0.00	1,343224049	1.00	80,5
0.00	4.00	0.00	0.00	-0,617064953	0.00	40.00
1.00	4.00	0.00	0.00	-0,926448405	1.00	20.00
0.00	6.00	0.00	0.00	-1,159093022	1.00	86,59999847
1.00	6.00	0.00	1.00	-1,548148155	1.00	111,3000031
1.00	3.00	0.00	0.00	-0,135813996	1.00	100.00
1.00		0.00	1.00	1,047803283	1.00	80,5
1.00	4.00	0.00	0.00	0,235711709	0.00	64,80000305
1.00	3.00	0.00	1.00	-2,180778742	1.00	185,4909973
1.00	5.00	0.00	1.00	-1,977706432	0.00	85,5
0.00		0.00	1.00	0,378235787	1.00	25,5
1.00	5.00	0.00	1.00	-1,880378008	1.00	71,69999695
1.00	6.00	0.00	0.00	0,222356811	0.00	5,5
1.00	7.00	0.00	1.00	-2,00908494	1.00	29,5
0.00	6.00	0.00	0.00	0,580566943	1.00	92,5
0.00	6.00	0.00	0.00	0,861343443	1.00	118,6999969
1.00	4.00	0.00	1.00	-1,045406461	0.00	60.00
0.00	6.00	0.00	1.00	-2,218809605	1.00	42.00
0.00		0.00	1.00	0,311316311	1.00	140,5
0.00	3.00	0.00	1.00	-0,603918493	1.00	0.00
0.00	2.00	0.00	0.00	-0,119852498	0.00	75.00
0.00	4.00	0.00	1.00	-0,695193887	1.00	80.00
1.00	3.00	0.00	0.00	-0,954835296	0.00	110,4000015
1.00	7.00	0.00	0.00	-1,208997011	1.00	85,80000305
1.00	5.00	0.00	1.00	-2,420337677	1.00	29.00
0.00	5.00	0.00	1.00	-1,20056057	1.00	115.00
0.00	6.00	0.00	0.00	-1,326606989	1.00	136.00
0.00	3.00	0.00	0.00	-1,183501959	1.00	0.00
0.00	6.00	0.00	1.00	-2,14578414	1.00	64.00
0.00	2.00	0.00	1.00	-0,798290014	1.00	0.00
0.00	4.00	0.00	1.00	-1,857846737	1.00	43,5
0.00		0.00	1.00	0,684566319	1.00	81,72000122
1.00	6.00	0.00	0.00	-1,580145955	0.00	19,5
1.00	5.00	0.00	1.00	-2,257592201	1.00	44.00
1.00	4.00	0.00	1.00	-2,34518981	1.00	52.00
1.00	3.00	0.00	1.00	-1,510365605	1.00	30.00
0.00		0.00	1.00	0,595155537	1.00	80,5
0.00	4.00	0.00	1.00	-1,986077428	1.00	49,5
1.00	4.00	0.00	0.00	1,563812971	0.00	40,5
0.00	5.00	0.00	0.00	-0,026688499	1.00	44,5
0.00	7.00	0.00	0.00	-1,579566002	1.00	0.00
0.00		0.00	1.00	-0,33785519	1.00	8.00
1.00	6.00	0.00	0.00	-0,369540721	1.00	121.00
0.00		0.00	1.00	0,106422402	1.00	6,5
1.00	4.00	0.00	1.00	-0,769158423	1.00	53,59999847
1.00		0.00	1.00	0,130977392	1.00	145,3000031
1.00	14.00	0.00	1.00	-0,675160885	1.00	161.00
1.00	4.00	0.00	1.00	-2,070291996	1.00	72,80000305
0.00	3.00	0.00	0.00	-0,154843688	1.00	38.00
0.00		0.00	1.00	0,597266197	0.00	60,5
0.00	7.00	0.00	1.00	-1,703749299	1.00	136,8999939
1.00	5.00	0.00	0.00	0,857624292	1.00	88,80000305
1.00	3.00	0.00	1.00	-2,759595871	1.00	0.00
1.00	10.00	0.00	1.00	-2,380203009	1.00	49.00
0.00		0.00	1.00	-0,331125975	1.00	48,70000076
0.00	6.00	0.00	0.00	-1,963946939	1.00	32,50979996
0.00	5.00	0.00	0.00	-1,490942001	1.00	60.00
1.00	5.00	0.00	0.00	1,251805067	1.00	50,5
1.00	6.00	0.00	0.00	-0,239775494	1.00	53,29999924
0.00	4.00	0.00	0.00	-0,849655867	0.00	49,20000076
1.00	3.00	0.00	0.00	0,653316736	1.00	10,5
1.00	8.00	0.00	1.00	-1,159739852	1.00	100.00
1.00	3.00	0.00	0.00	-0,281840622	1.00	43.00
0.00	3.00	0.00	1.00	-1,990234971	0.00	69,5
0.00	7.00	0.00	1.00	-1,199815989	1.00	10,04329967
0.00	8.00	0.00	1.00	-2,496884346	1.00	219.00
1.00	4.00	0.00	0.00	-0,643884659	1.00	148.00
0.00	7.00	0.00	1.00	-1,395589113	1.00	140,3000031
0.00	6.00	0.00	0.00	-1,150287032	1.00	120.00
0.00	4.00	0.00	1.00	-1,430382609	1.00	36.00
1.00	3.00	0.00	0.00	-0,659318209	1.00	30.00
1.00		0.00	1.00	-0,049327943	1.00	0.00
1.00	8.00	0.00	0.00	-2,197005987	0.00	63,70000076
1.00	4.00	0.00	0.00	-0,269726306	0.00	40.00
1.00	4.00	0.00	0.00	-0,569639504	1.00	30.00
1.00		0.00	1.00	-0,284833908	1.00	20.00
1.00	9.00	0.00	0.00	3,739470959	0.00	0,5
0.00	8.00	0.00	1.00	-0,668565631	0.00	68.00
0.00	4.00	0.00	0.00	-0,460426807	0.00	43,36999893
1.00	3.00	0.00	1.00	-0,498564929	1.00	50.00
1.00		0.00	1.00	1,024372458	0.00	0,5
1.00	3.00	0.00	0.00	-0,213575691	1.00	35.00
1.00	4.00	0.00	0.00	-0,277303219	1.00	0.00
0.00	5.00	0.00	1.00	-1,991747499	1.00	59,5
1.00	7.00	0.00	0.00	-1,156394005	0.00	118,5999985
0.00	5.00	0.00	1.00	-1,943441272	0.00	14,5
0.00	4.00	0.00	1.00	-0,380959123	1.00	101,5999985
1.00	4.00	0.00	1.00	-1,377679586	1.00	96.00
0.00	7.00	0.00	0.00	-1,788884997	0.00	42,5
0.00	4.00	0.00	0.00	-0,232759789	1.00	95,5
1.00	3.00	0.00	1.00	-2,000836372	1.00	19,5
0.00	4.00	0.00	0.00	-0,407354712	1.00	75,30000305
1.00	7.00	0.00	1.00	-1,213728666	1.00	40.00
1.00	3.00	0.00	0.00	0,853437245	1.00	99,5
0.00	3.00	0.00	0.00	-1,596586943	0.00	25,29999924
0.00	7.00	0.00	1.00	-1,645158768	0.00	89,5
1.00	4.00	0.00	0.00	-0,612728953	1.00	25.00
1.00	7.00	0.00	0.00	-0,233315691	1.00	140.00
0.00	8.00	0.00	0.00	-0,522340357	1.00	191,1999969
1.00	8.00	0.00	0.00	-1,198212981	1.00	30.00
1.00		0.00	1.00	1,098228931	1.00	48,5
1.00	5.00	0.00	1.00	-1,784875274	1.00	31,5
1.00	3.00	0.00	0.00	-0,702392697	1.00	64.00
0.00	5.00	0.00	1.00	-2,006771088	1.00	59,5
1.00	6.00	0.00	0.00	-0,8646034	1.00	258.00
1.00	3.00	0.00	1.00	-1,41761291	1.00	56.00
1.00	4.00	0.00	0.00	-2,462265015	1.00	50,59999847
0.00	9.00	0.00	1.00	-2,076396942	1.00	93,5
1.00	4.00	0.00	1.00	-3,746870756	1.00	43.00
0.00		0.00	1.00	1,978605151	0.00	102,5
1.00		0.00	1.00	0,227910295	0.00	0,5
1.00	2.00	0.00	1.00	-2,112989426	1.00	44.00
1.00	12.00	0.00	0.00	-1,302132964	1.00	93,40000153
1.00	4.00	0.00	0.00	0,598448038	0.00	40,5
0.00	7.00	0.00	1.00	-0,638092279	1.00	35.00
1.00		0.00	1.00	1,084857106	0.00	78,5
0.00	6.00	0.00	1.00	-1,607072473	1.00	79,5
1.00		0.00	1.00	0,065887831	1.00	120,5
1.00	5.00	0.00	0.00	-2,381489038	0.00	38.00
1.00		0.00	1.00	0,18358238	1.00	289,5
0.00	2.00	0.00	1.00	-1,368184328	1.00	80.00
0.00	4.00	0.00	1.00	-2,000918627	1.00	91,5
0.00	4.00	0.00	1.00	-2,762678862	1.00	39.00
0.00	4.00	0.00	0.00	3,827924013	1.00	18,5
1.00	3.00	0.00	0.00	0,88965714	1.00	250,5
0.00	4.00	0.00	0.00	0,178241208	1.00	40,5
1.00	6.00	0.00	0.00	-1,019120932	1.00	10.00
1.00	7.00	0.00	1.00	-1,766649604	1.00	127,9000015
0.00	4.00	0.00	1.00	-2,631435633	1.00	29,10000038
0.00	4.00	0.00	0.00	-0,759889603	1.00	0.00
0.00	5.00	0.00	0.00	0,614541292	1.00	75,40000153
1.00	3.00	0.00	0.00	1,003985047	1.00	100,5
0.00	4.00	0.00	1.00	-0,924846947	1.00	38.00
1.00	4.00	0.00	0.00	-1,168779016	0.00	64,5
1.00	3.00	0.00	1.00	-2,665935278	1.00	22,39999962
1.00	4.00	0.00	1.00	-0,821903408	1.00	60.00
0.00	5.00	0.00	0.00	0,812621593	0.00	13,5
1.00	7.00	0.00	1.00	-3,565565586	0.00	36,5
0.00	5.00	0.00	1.00	-0,424337685	1.00	105.00
0.00	5.00	0.00	1.00	-0,983726323	0.00	90.00
1.00	6.00	0.00	0.00	-2,74493289	1.00	82.00
0.00		0.00	1.00	0,545624614	0.00	91,5
0.00	4.00	0.00	0.00	-0,132983789	0.00	86,59999847
0.00	4.00	0.00	1.00	-2,275506735	1.00	89.00
0.00	3.00	0.00	0.00	-0,550871491	0.00	21.00
0.00	3.00	0.00	0.00	-1,965227008	1.00	0.00
0.00		0.00	1.00	0,919728279	1.00	45,5
1.00	4.00	0.00	0.00	-0,551505566	1.00	45.00
1.00	4.00	0.00	0.00	-0,316256106	1.00	0.00
0.00	5.00	0.00	1.00	-1,459314227	1.00	63,90000153
1.00	6.00	0.00	1.00	-1,821821094	1.00	67,30000305
0.00	6.00	0.00	1.00	-0,696586967	1.00	16.00
1.00	2.00	0.00	1.00	-1,822613358	1.00	44,5
1.00	8.00	0.00	1.00	-0,36115706	1.00	119,9996033
0.00	3.00	0.00	0.00	0,070299201	1.00	15,5
1.00	4.00	0.00	0.00	0,5969522	1.00	15,5
1.00	3.00	0.00	0.00	0,042053897	1.00	60,5
0.00	5.00	0.00	1.00	-0,932730258	1.00	30.00
0.00	4.00	0.00	0.00	0,396564394	1.00	96,30000305
1.00	4.00	0.00	0.00	0,091660902	1.00	45,5
0.00	5.00	0.00	0.00	-2,974410057	0.00	92,5
0.00	5.00	0.00	1.00	-2,50527072	0.00	57.00
1.00	3.00	0.00	1.00	-0,900568962	0.00	43.00
0.00		0.00	1.00	0,990785301	1.00	55,5
1.00	3.00	0.00	0.00	0,157155007	1.00	46,5
1.00	3.00	0.00	0.00	-1,479452968	1.00	60.00
0.00	7.00	0.00	1.00	-0,7441746	1.00	105.00
0.00	4.00	0.00	1.00	-0,857097089	1.00	66.00
0.00	3.00	0.00	1.00	-1,179481864	0.00	45.00
0.00	4.00	0.00	1.00	-2,575787067	1.00	14.00
1.00	5.00	0.00	1.00	-1,95900321	1.00	98,23999786
0.00	2.00	0.00	0.00	-0,304820418	0.00	20.00
1.00		0.00	1.00	0,081229366	1.00	45,5
1.00	5.00	0.00	0.00	2,101438999	1.00	94,5
1.00	8.00	0.00	0.00	-2,77717495	1.00	119.00
1.00	4.00	0.00	0.00	0,170635909	1.00	78,5
0.00	6.00	0.00	0.00	-1,782212973	1.00	5,5
1.00	4.00	0.00	0.00	-1,952855945	1.00	51.00
1.00	8.00	0.00	0.00	-2,414598942	1.00	133.00
0.00	3.00	0.00	0.00	0,140625909	1.00	258,5
1.00	6.00	0.00	0.00	1,112043023	1.00	470,5
0.00	3.00	0.00	0.00	-1,820171952	1.00	33,90000153
0.00	8.00	0.00	0.00	-0,594851494	1.00	130,6000061
0.00		0.00	1.00	0,55929327	1.00	22,5
1.00	2.00	0.00	0.00	-0,460734397	1.00	1.00
1.00	4.00	0.00	0.00	-1,105116963	0.00	100.00
1.00	5.00	0.00	0.00	-2,08790803	1.00	49,5
0.00	7.00	0.00	0.00	-0,600511253	1.00	74,19999695
1.00	4.00	0.00	0.00	-0,937373102	1.00	74,40000153
0.00	5.00	0.00	1.00	-1,469012856	1.00	104.00
1.00	7.00	0.00	0.00	-0,319655001	1.00	15.00
0.00	3.00	0.00	1.00	-1,537488818	0.00	42,86999893
1.00	3.00	0.00	1.00	-2,25045228	1.00	73.00
1.00	3.00	0.00	1.00	-1,897268176	1.00	1,5
1.00	7.00	0.00	0.00	1,150794029	1.00	128,8000031
0.00		0.00	1.00	0,616656959	1.00	0,5
1.00		0.00	1.00	1,228374362	1.00	51,29999924
1.00	5.00	0.00	1.00	-1,960367441	1.00	0.00
1.00	8.00	0.00	1.00	-0,76830554	1.00	122,3000031
1.00	4.00	0.00	0.00	3,78420496	1.00	106,5
1.00	3.00	0.00	0.00	-1,346711993	1.00	60.00
1.00	4.00	0.00	0.00	-1,648299932	1.00	186,0769958
0.00	5.00	0.00	1.00	-0,845279813	1.00	0.00
1.00	7.00	0.00	0.00	-1,402675033	1.00	75.00
1.00	9.00	0.00	1.00	-1,721777678	1.00	97,5
1.00	10.00	0.00	1.00	-1,704835653	0.00	157,1000061
0.00	5.00	0.00	0.00	-0,164980695	1.00	34.00
0.00	4.00	0.00	1.00	-1,048642039	1.00	43,29999924
1.00	5.00	0.00	0.00	0,116193697	1.00	129,5
1.00	4.00	0.00	1.00	-1,611883521	1.00	104,1999969
0.00	8.00	0.00	1.00	-1,55279839	1.00	178,5
0.00	9.00	0.00	1.00	-1,323137522	1.00	256,3800049
0.00	5.00	0.00	0.00	-0,355034918	1.00	60.00
1.00	4.00	0.00	1.00	-0,827180207	1.00	43,70000076
0.00		0.00	1.00	-0,303419203	1.00	15.00
1.00	6.00	0.00	0.00	-1,11540401	1.00	183,1000061
1.00	3.00	0.00	1.00	-1,290121555	1.00	44.00
1.00	5.00	0.00	1.00	-2,013699055	1.00	109,5
1.00	5.00	0.00	0.00	-0,040653203	1.00	4.00
1.00	4.00	0.00	0.00	0,64505744	1.00	79,69999695
1.00	4.00	0.00	1.00	-4,230913639	1.00	42,36999893
1.00	3.00	0.00	1.00	-1,595674157	1.00	0.00
0.00	4.00	0.00	0.00	-0,507267654	1.00	44.00
1.00	7.00	0.00	0.00	-0,289650112	1.00	63,5
0.00	5.00	0.00	1.00	-0,731486797	0.00	101.00
1.00		0.00	1.00	-0,249724984	0.00	47.00
0.00		0.00	1.00	-0,196164474	1.00	43,29999924
0.00	6.00	0.00	0.00	0,411951482	1.00	60,5
1.00	7.00	0.00	0.00	-1,08424902	1.00	150.00
0.00	8.00	0.00	0.00	0,053004399	0.00	40,5
0.00	4.00	0.00	0.00	-2,453147888	1.00	59.00
1.00	7.00	0.00	1.00	-0,532793462	0.00	30.00
1.00	4.00	0.00	0.00	-0,961323678	1.00	69.00
1.00	5.00	0.00	1.00	-2,006662607	1.00	73,5
1.00	5.00	0.00	0.00	-1,542605996	1.00	90,5
0.00	4.00	0.00	1.00	-1,866605997	1.00	159,5
1.00	4.00	0.00	0.00	-1,780671954	1.00	39,5
0.00	2.00	0.00	0.00	-0,866929352	1.00	60.00
1.00	4.00	0.00	0.00	-2,694734097	0.00	39.00
1.00	5.00	0.00	0.00	-0,283787102	0.00	25.00
1.00	6.00	0.00	0.00	1,930868983	0.00	14,5
1.00	4.00	0.00	0.00	-0,262708604	1.00	100.00
0.00	5.00	0.00	0.00	-2,118699074	1.00	95.00
1.00		0.00	1.00	-0,307827413	1.00	103,8000031
1.00	3.00	0.00	1.00	-3,914186478	1.00	44.00
0.00	3.00	0.00	1.00	-0,696350932	1.00	22.00
0.00	4.00	0.00	1.00	-2,243671656	1.00	42,36999893
0.00	3.00	0.00	0.00	-4,376713276	1.00	79.00
1.00	6.00	0.00	1.00	-2,054172516	1.00	71,04000092
0.00	5.00	0.00	0.00	0,262232691	0.00	44,5
0.00		0.00	1.00	3,722219944	1.00	106,2099991
1.00	5.00	0.00	0.00	-0,7475999	0.00	86,73999786
1.00	5.00	0.00	0.00	-1,427593946	1.00	0.00
1.00		0.00	1.00	0,040606819	1.00	74,5
1.00	6.00	0.00	0.00	-1,351822972	1.00	12.00
1.00	5.00	0.00	0.00	-0,130405992	0.00	60.00
0.00	3.00	0.00	0.00	-0,529404998	0.00	50.00
1.00	4.00	0.00	0.00	-1,063743949	0.00	25.00
1.00	7.00	0.00	0.00	-2,348721027	1.00	84.00
1.00		0.00	1.00	-0,300333977	1.00	15,05000019
1.00	12.00	0.00	1.00	-1,840255141	1.00	39,5
0.00	3.00	0.00	0.00	-0,71946615	1.00	70.00
1.00	4.00	0.00	0.00	-0,395645112	1.00	6.00
0.00	4.00	0.00	0.00	-0,676138401	1.00	18.00
0.00		0.00	1.00	0,182488501	1.00	50,5
1.00	9.00	0.00	0.00	-0,833389401	1.00	90.00
0.00		0.00	1.00	0,991119027	1.00	0,5
1.00		0.00	1.00	-0,060008563	1.00	38.00
0.00		0.00	1.00	0,946982026	1.00	65,5
1.00	3.00	0.00	0.00	-0,055702802	0.00	44.00
0.00	5.00	0.00	0.00	2,584139109	1.00	133,8000031
1.00	6.00	0.00	1.00	-1,950635672	1.00	102,5
1.00		0.00	1.00	-0,173967808	0.00	60.00
1.00	4.00	0.00	0.00	-0,072448201	1.00	0.00
0.00	6.00	0.00	0.00	-0,192785993	1.00	35.00
1.00	4.00	0.00	0.00	-0,725940406	1.00	96.00
0.00	3.00	0.00	1.00	-0,7717067	1.00	30.00
0.00		0.00	1.00	0,345493704	1.00	60,5
0.00	2.00	0.00	1.00	-0,910671234	1.00	5.00
1.00		0.00	1.00	4,758943081	1.00	108,9001999
1.00	5.00	0.00	0.00	-0,519605458	1.00	43,20000076
0.00	10.00	0.00	1.00	-1,929221272	1.00	134,4499969
1.00	4.00	0.00	1.00	-1,370727062	1.00	40.00
1.00	4.00	0.00	0.00	-2,281691074	1.00	55.00
0.00		0.00	1.00	0,308157176	1.00	83,19999695
0.00	5.00	0.00	1.00	-2,200085163	1.00	44.00
0.00	3.00	0.00	0.00	0,0173776	1.00	79,19999695
0.00		0.00	1.00	0,609434247	1.00	170,5
0.00	6.00	0.00	0.00	1,40042305	1.00	20,5
0.00	7.00	0.00	1.00	-1,871036291	1.00	92,90000153
1.00	3.00	0.00	0.00	1,472754002	0.00	43,79999924
0.00	5.00	0.00	1.00	-0,443890333	1.00	0.00
1.00	4.00	0.00	1.00	-3,040321589	1.00	39.00
0.00	4.00	0.00	0.00	-2,122567892	1.00	42.00
0.00	3.00	0.00	1.00	-0,412603229	1.00	87,59999847
1.00	7.00	0.00	1.00	-1,313616395	1.00	121,5
1.00	3.00	0.00	0.00	-0,90830195	1.00	21.00
1.00	5.00	0.00	0.00	0,697518706	1.00	24,5
1.00	9.00	0.00	1.00	-1,565972567	1.00	147,1799927
0.00		0.00	1.00	-0,211080134	1.00	40.00
1.00		0.00	1.00	-0,009052307	1.00	81,5
0.00	11.00	0.00	1.00	-0,809403241	1.00	31.00
0.00		0.00	1.00	-0,149039268	1.00	0.00
0.00	5.00	0.00	0.00	0,2067734	0.00	51,29999924
0.00	7.00	0.00	0.00	-0,012042001	0.00	83,87000275
1.00	5.00	0.00	1.00	-4,130427837	1.00	54,20000076
1.00	5.00	0.00	1.00	-0,385338843	1.00	0.00
1.00		0.00	1.00	0,374545217	1.00	0,5
1.00	4.00	0.00	0.00	-0,573250949	1.00	76.00
1.00	7.00	0.00	0.00	-0,971170306	0.00	111,4899979
1.00		0.00	1.00	0,038771898	1.00	100,5
0.00		0.00	1.00	-0,24417384	1.00	68,80000305
1.00	4.00	0.00	0.00	-0,611192405	1.00	50.00
1.00	4.00	0.00	0.00	-0,572199106	1.00	30.00
0.00	5.00	0.00	0.00	-1,347929001	1.00	5.00
1.00	8.00	0.00	1.00	-1,687009096	1.00	87,5
0.00	4.00	0.00	0.00	0,622304142	1.00	58,40000153
0.00	4.00	0.00	1.00	-1,398269296	0.00	0.00
1.00	4.00	0.00	0.00	-0,711998701	1.00	64,19999695
1.00	4.00	0.00	1.00	-1,732601285	1.00	47,5
1.00	5.00	0.00	0.00	-1,40139401	1.00	44.00
1.00	8.00	0.00	1.00	-0,838915467	1.00	36.00
1.00	7.00	0.00	0.00	1,326259017	0.00	120,5
1.00	2.00	0.00	0.00	0,493808478	1.00	10,5
0.00	5.00	0.00	0.00	-0,816662908	1.00	8.00
1.00	3.00	0.00	0.00	-1,189978004	1.00	93.00
0.00	5.00	0.00	1.00	-1,327169299	1.00	92.00
1.00		0.00	1.00	-0,341142893	1.00	108.00
0.00	6.00	0.00	0.00	0,210720405	1.00	63.00
1.00	3.00	0.00	1.00	-2,201363564	1.00	54.00
1.00	3.00	0.00	0.00	1,592401028	0.00	98,5
0.00	5.00	0.00	1.00	-2,065265656	1.00	82,80000305
1.00	7.00	0.00	0.00	0,514470816	1.00	24,5
0.00	4.00	0.00	1.00	-2,11274147	0.00	85,80000305
0.00	7.00	0.00	1.00	-0,897486091	0.00	65.00
0.00	5.00	0.00	0.00	-1,497403979	1.00	45.00
1.00	3.00	0.00	0.00	0,712358594	1.00	9,5
0.00	3.00	0.00	1.00	-1,827475905	1.00	0.00
1.00	12.00	0.00	0.00	-1,910956979	1.00	98,90000153
0.00	5.00	0.00	1.00	-1,441625953	1.00	47.00
0.00	5.00	0.00	0.00	0,622163892	0.00	43,5
0.00	3.00	0.00	0.00	-0,676651955	1.00	86,59999847
1.00	7.00	0.00	0.00	0,489526987	1.00	0,5
0.00	12.00	0.00	1.00	-2,751393795	1.00	140.00
1.00		0.00	1.00	0,351976633	1.00	24,5
0.00	4.00	0.00	1.00	-1,389452577	1.00	31,60000038
0.00		0.00	1.00	-0,209747195	1.00	80.00
0.00	5.00	0.00	0.00	-1,180899978	1.00	5.00
0.00	7.00	0.00	1.00	-0,433496028	1.00	464.00
0.00	6.00	0.00	1.00	-0,776519656	1.00	61,20000076
0.00	4.00	0.00	0.00	0,100044802	1.00	52,09999847
1.00		0.00	1.00	-0,173697948	1.00	22,00090027
1.00	4.00	0.00	0.00	-0,289358318	1.00	63.00
1.00	5.00	0.00	1.00	-1,717531085	1.00	24,5
1.00	6.00	0.00	0.00	-0,279971212	1.00	40.00
1.00	6.00	0.00	0.00	-2,1332829	1.00	39.00
1.00		0.00	1.00	0,23728168	1.00	0,5
1.00	7.00	0.00	0.00	-0,287570924	1.00	20.00
0.00	3.00	0.00	0.00	-1,90020597	1.00	39,5
1.00	7.00	0.00	1.00	-2,962857962	0.00	44.00
0.00	3.00	0.00	0.00	-2,260997057	1.00	57.00
0.00		0.00	1.00	-0,282218724	0.00	94.00
1.00	10.00	0.00	1.00	-0,723922491	1.00	24.00
0.00	5.00	0.00	1.00	-1,820017338	0.00	95,5
1.00	3.00	0.00	0.00	1,423132062	0.00	61,09999847
0.00	4.00	0.00	1.00	-1,302292705	1.00	6.00
1.00	2.00	0.00	1.00	-1,061616778	0.00	28.00
0.00	5.00	0.00	0.00	-0,113390304	1.00	78.00
0.00	4.00	0.00	0.00	1,60384202	0.00	10,5
0.00	3.00	0.00	0.00	-1,359485984	1.00	6.00
0.00	6.00	0.00	0.00	-2,22736907	1.00	109.00
0.00	4.00	0.00	0.00	-0,835417807	1.00	29,79999924
0.00	5.00	0.00	0.00	-1,400321007	1.00	18.00
1.00	6.00	0.00	0.00	-1,097398996	1.00	40.00
1.00	4.00	0.00	1.00	-0,795151889	1.00	136,7400055
0.00	4.00	0.00	1.00	-0,991967976	1.00	211,6000061
0.00	4.00	0.00	0.00	0,430958599	1.00	70,5
0.00	6.00	0.00	1.00	-1,930240154	1.00	59,5
0.00	5.00	0.00	0.00	-0,797095954	1.00	40.00
1.00	7.00	0.00	0.00	0,179297313	1.00	112,3000031
1.00	5.00	0.00	1.00	-2,431590796	1.00	45.00
0.00	6.00	0.00	0.00	1,025892019	0.00	47,5
0.00	6.00	0.00	0.00	-0,374043405	1.00	518.00
1.00	6.00	0.00	0.00	-0,302227795	0.00	140.00
1.00	3.00	0.00	0.00	0,173133105	1.00	51,70000076
1.00		0.00	1.00	0,045482669	1.00	43,5
0.00	11.00	0.00	0.00	0,035686698	0.00	211,3000031
0.00	5.00	0.00	0.00	-0,730618	1.00	31.00
1.00	4.00	0.00	1.00	-2,281663895	1.00	19.00
1.00	7.00	0.00	1.00	-0,768542945	1.00	193,6999969
1.00	5.00	0.00	1.00	-2,026280165	1.00	104,5
1.00	4.00	0.00	0.00	-0,498390287	1.00	40.00
1.00	4.00	0.00	0.00	-2,796439886	1.00	56.00
1.00	4.00	0.00	0.00	2,21230197	0.00	103,8000031
0.00	3.00	0.00	0.00	-0,437094003	1.00	47.00
1.00	6.00	0.00	1.00	-0,416950554	1.00	0.00
1.00		0.00	1.00	1,858813047	1.00	40,5
1.00	3.00	0.00	0.00	-1,600026965	1.00	107,8000031
0.00	4.00	0.00	0.00	1,109490991	1.00	50,5
1.00	4.00	0.00	0.00	-0,161617801	1.00	70.00
1.00		0.00	1.00	-0,285321891	1.00	130,7400055
1.00		0.00	1.00	0,109863341	0.00	129,5
1.00		1.00	1.00	1,108651042	1.00	111,5
0.00	4.00	1.00	0.00	0,142918304	1.00	50,5
1.00	8.00	1.00	0.00	-0,576463699	1.00	44.00
1.00	4.00	1.00	1.00	-1,683409929	1.00	64,5
0.00	7.00	1.00	0.00	-0,492852509	1.00	95.00
1.00	4.00	1.00	1.00	-1,692456126	1.00	19,49959946
1.00	8.00	1.00	0.00	0,846942306	1.00	108,5
0.00	3.00	1.00	0.00	0,851454914	1.00	68,5
1.00	4.00	1.00	0.00	-2,023425102	1.00	89.00
1.00	4.00	1.00	1.00	-1,565604448	1.00	439,5
1.00	3.00	1.00	0.00	-0,557135224	1.00	40.00
1.00	3.00	1.00	0.00	1,535437942	1.00	18,70000076
0.00	4.00	1.00	1.00	-0,921583176	0.00	43.00
1.00	5.00	1.00	1.00	-1,973893166	1.00	59,5
0.00	4.00	1.00	1.00	-2,490654707	1.00	6.00
1.00	4.00	1.00	0.00	-2,10505414	1.00	0.00
0.00	3.00	1.00	1.00	-0,857453883	1.00	30.00
1.00	6.00	1.00	0.00	1,515086889	1.00	18,89999962
1.00	6.00	1.00	1.00	-1,971836329	1.00	0.00
0.00	5.00	1.00	0.00	-0,85859251	0.00	40.00
1.00	3.00	1.00	0.00	-2,202785969	1.00	14.00
1.00	5.00	1.00	1.00	-1,631376505	1.00	71,90000153
1.00	2.00	1.00	0.00	0,894761801	0.00	100,5
0.00	5.00	1.00	0.00	-0,146388218	0.00	120.00
0.00	3.00	1.00	0.00	-1,697540045	1.00	0.00
0.00	6.00	1.00	1.00	-1,002898335	1.00	51,5
1.00	6.00	1.00	0.00	-1,353350043	1.00	80.00
0.00	4.00	1.00	1.00	-2,516888142	1.00	54.00
1.00		1.00	1.00	0,750456452	1.00	91,80000305
1.00	9.00	1.00	1.00	-1,152362108	1.00	50.00
1.00	3.00	1.00	0.00	-0,010483501	0.00	47,79999924
0.00		1.00	1.00	-0,154407009	1.00	111,1999969
1.00	5.00	1.00	0.00	-0,409481794	1.00	39.00
0.00	4.00	1.00	0.00	1,525240898	1.00	43,86999893
1.00	3.00	1.00	0.00	-5,141571999	1.00	4.00
0.00	7.00	1.00	0.00	-0,123929992	1.00	24,39999962
0.00	5.00	1.00	0.00	-0,256683707	0.00	99.00
1.00	4.00	1.00	1.00	-1,216914296	1.00	0.00
1.00	6.00	1.00	0.00	0,127151996	1.00	23,5
1.00	6.00	1.00	1.00	-1,023560762	1.00	65.00
0.00	4.00	1.00	0.00	-1,048149109	0.00	119,9998016
0.00	8.00	1.00	0.00	0,588615298	0.00	43,5
0.00	4.00	1.00	0.00	0,528755188	0.00	0,5
1.00	4.00	1.00	0.00	-2,034353971	0.00	3,5
1.00	5.00	1.00	1.00	-0,986039996	1.00	282.00
1.00	6.00	1.00	0.00	0,69148469	0.00	40,5
1.00	3.00	1.00	0.00	-1,002593994	1.00	45.00
0.00	2.00	1.00	1.00	-2,981647015	1.00	19.00
1.00	5.00	1.00	1.00	-1,714101553	1.00	22.00
0.00	3.00	1.00	0.00	-0,306253612	1.00	0.00
1.00		1.00	1.00	0,117852993	0.00	303,1000061
0.00	6.00	1.00	1.00	-0,678871274	1.00	10.00
0.00	9.00	1.00	1.00	-1,569525957	1.00	49,79999924
0.00		1.00	1.00	0,448315889	1.00	80,5
1.00	6.00	1.00	0.00	-0,730114281	1.00	0.00
1.00		1.00	1.00	-0,112589598	1.00	110.00
1.00	4.00	1.00	1.00	-2,273690701	0.00	67.00
0.00		1.00	1.00	0,748172224	1.00	96,09999847
1.00	6.00	1.00	1.00	-2,484054804	0.00	0.00
0.00	4.00	1.00	0.00	-0,293735206	1.00	180,6000061
0.00	6.00	1.00	0.00	-1,224076033	0.00	82,37000275
1.00	6.00	1.00	0.00	-0,145452097	1.00	220.00
1.00		1.00	1.00	0,802787185	0.00	97,09999847
1.00	7.00	1.00	0.00	-1,613864064	1.00	111,5
0.00	3.00	1.00	1.00	-1,62303555	1.00	64,5
1.00	7.00	1.00	1.00	-0,678164601	1.00	86.00
1.00	5.00	1.00	1.00	-0,36959514	0.00	70,22000122
0.00	4.00	1.00	0.00	0,333354414	1.00	59,5
1.00	5.00	1.00	0.00	0,017605498	1.00	61,09999847
1.00	8.00	1.00	0.00	-0,035304002	1.00	336,5
1.00	8.00	1.00	0.00	-1,04014802	1.00	0.00
0.00	6.00	1.00	1.00	-1,206653714	1.00	6.00
1.00	8.00	1.00	0.00	-1,154423118	0.00	46.00
1.00	3.00	1.00	1.00	-0,347119033	1.00	68.00
0.00	11.00	1.00	1.00	-0,773800075	1.00	65.00
0.00	6.00	1.00	1.00	-0,79895103	0.00	86.00
1.00	4.00	1.00	1.00	-2,389904261	1.00	45.00
0.00		1.00	1.00	-0,086475566	0.00	20.00
1.00	4.00	1.00	0.00	0,665904999	1.00	40,70000076
0.00	4.00	1.00	0.00	-1,665332079	1.00	18,64999962
0.00	5.00	1.00	1.00	-0,442130178	1.00	20.00
1.00	3.00	1.00	1.00	-0,711176574	0.00	43.00
1.00	11.00	1.00	0.00	-1,794069052	1.00	67,5
0.00	6.00	1.00	0.00	1,810941935	1.00	62,86999893
0.00	4.00	1.00	1.00	-1,484681964	1.00	114.00
0.00		1.00	1.00	-0,055620443	0.00	0.00
0.00	7.00	1.00	0.00	-2,795689106	1.00	78.00
1.00	5.00	1.00	0.00	-0,258364409	1.00	97,40000153
0.00	3.00	1.00	1.00	-0,823376358	0.00	20.00
1.00	3.00	1.00	0.00	1,403415918	1.00	100,5
1.00		1.00	1.00	1,009676218	1.00	104,5
1.00	5.00	1.00	0.00	-2,164440155	1.00	59.00
1.00	4.00	1.00	0.00	-0,194418892	1.00	3.00
0.00	4.00	1.00	0.00	0,718069196	1.00	66,80000305
0.00		1.00	1.00	0,977044523	1.00	24,5
0.00	5.00	1.00	1.00	-1,49995625	1.00	20.00
1.00	3.00	1.00	0.00	-2,746140957	1.00	136,6000061
0.00	5.00	1.00	0.00	-0,326552302	1.00	54.00
0.00	6.00	1.00	1.00	-1,2995193	1.00	98.00
0.00	4.00	1.00	0.00	-0,244510606	1.00	21,5
0.00	2.00	1.00	0.00	-1,744412065	1.00	39,5
1.00	6.00	1.00	0.00	0,812455297	0.00	63,29999924
0.00		1.00	1.00	0,678849578	1.00	110,5
0.00		1.00	1.00	0,220586091	1.00	73,5
0.00		1.00	1.00	-0,215473413	1.00	99.00
1.00	9.00	1.00	1.00	-0,360744387	0.00	166,1999969
1.00	5.00	1.00	0.00	-1,696686029	1.00	47,5
1.00	3.00	1.00	0.00	1,607056975	0.00	70,5
0.00	5.00	1.00	0.00	0,92821008	1.00	90,5
1.00	4.00	1.00	1.00	-1,404092073	1.00	130.00
0.00	11.00	1.00	0.00	-0,803010881	1.00	87,40840149
0.00	6.00	1.00	1.00	-0,963644385	1.00	55.00
1.00		1.00	1.00	0,585961044	1.00	70,5
1.00		1.00	1.00	0,392020613	1.00	118,9000015
1.00	2.00	1.00	0.00	0,676965594	1.00	80,5
0.00	4.00	1.00	0.00	-2,440335035	1.00	61.00
1.00	2.00	1.00	1.00	-1,506022811	1.00	10.00
0.00	6.00	1.00	0.00	-0,595001817	1.00	37,79999924
1.00	9.00	1.00	1.00	-0,389449149	1.00	177,2597961
0.00	7.00	1.00	0.00	1,539257884	1.00	100,5
0.00	10.00	1.00	1.00	-2,622421265	1.00	209.00
1.00	4.00	1.00	1.00	-1,124707699	1.00	45.00
0.00	7.00	1.00	1.00	-2,287101984	1.00	18,5
0.00	5.00	1.00	1.00	-1,2333287	0.00	53.00
0.00	5.00	1.00	0.00	-0,421316892	1.00	46.00
1.00	4.00	1.00	0.00	-0,019155303	1.00	44,5
1.00	4.00	1.00	0.00	0,276654094	0.00	246,8999939
1.00	6.00	1.00	0.00	-2,394361019	1.00	39.00
1.00	3.00	1.00	0.00	1,080077887	1.00	54,5
1.00	4.00	1.00	0.00	0,221390203	1.00	200,5
0.00	5.00	1.00	0.00	-0,344557106	1.00	30.00
1.00		1.00	1.00	0,138392121	0.00	30,5
1.00	3.00	1.00	0.00	-0,955019176	1.00	15.00
0.00	5.00	1.00	1.00	-0,745757163	0.00	122.00
1.00	4.00	1.00	1.00	-1,094060659	1.00	84,5
0.00	5.00	1.00	1.00	-0,631532431	1.00	53.00
1.00	9.00	1.00	0.00	1,144134998	1.00	212,5
0.00	5.00	1.00	0.00	-0,316916794	1.00	129,8999939
0.00	3.00	1.00	1.00	-1,682048678	1.00	39,5
0.00	6.00	1.00	0.00	-0,752891302	1.00	43,29999924
0.00	4.00	1.00	0.00	0,241123989	1.00	26,29999924
1.00	3.00	1.00	1.00	-5,026524067	1.00	59.00
0.00	10.00	1.00	0.00	-2,233247042	1.00	101.00
1.00	7.00	1.00	0.00	-1,509356022	1.00	35,70000076
1.00	5.00	1.00	0.00	1,098358989	1.00	120,5
0.00	3.00	1.00	1.00	-0,584272802	1.00	120.00
1.00		1.00	1.00	0,449619025	1.00	34,09999847
0.00	8.00	1.00	0.00	0,764839172	1.00	84,5
0.00	8.00	1.00	0.00	-0,910404921	1.00	232.00
1.00	9.00	1.00	0.00	-1,400115013	1.00	0.00
0.00		1.00	1.00	0,768621862	1.00	43,79999924
1.00	3.00	1.00	0.00	-0,392312586	0.00	110.00
0.00	5.00	1.00	1.00	-0,607314825	1.00	60.00
0.00	11.00	1.00	1.00	-1,868041158	1.00	79.00
0.00	5.00	1.00	0.00	-2,579235077	1.00	69.00
1.00	3.00	1.00	0.00	-0,548853219	1.00	50.00
1.00	5.00	1.00	1.00	-1,327005148	1.00	74.00
0.00	4.00	1.00	0.00	-2,307554007	1.00	49.00
1.00	5.00	1.00	0.00	-1,059782028	1.00	32.00
1.00	4.00	1.00	0.00	-1,92634201	1.00	8,5
1.00		1.00	1.00	-0,244165957	1.00	87.00
0.00	2.00	1.00	1.00	-0,534054339	1.00	0.00
1.00	11.00	1.00	0.00	0,101867497	0.00	90,5
0.00	4.00	1.00	0.00	0,728803396	1.00	43,5
1.00	3.00	1.00	0.00	-0,474490881	1.00	73,30000305
0.00	6.00	1.00	1.00	-1,809543729	1.00	105,5
1.00	3.00	1.00	0.00	1,142768979	0.00	30,5
0.00	5.00	1.00	0.00	1,378950953	1.00	60,5
1.00	4.00	1.00	1.00	-1,142714024	1.00	64,5
0.00	7.00	1.00	1.00	-0,50503546	0.00	30.00
1.00	3.00	1.00	1.00	-1,963432908	1.00	39,5
1.00		1.00	1.00	0,774140775	0.00	90,5
1.00	2.00	1.00	0.00	-0,367839605	1.00	16,79999924
1.00	3.00	1.00	0.00	-0,415573806	1.00	60.00
0.00		1.00	1.00	0,349354118	0.00	60,5
0.00	5.00	1.00	0.00	0,81520319	1.00	43,5
0.00	11.00	1.00	1.00	-3,045874834	0.00	74.00
0.00	5.00	1.00	1.00	-5,456037998	1.00	37.00
1.00	5.00	1.00	1.00	-1,812106371	1.00	23,5
1.00		1.00	1.00	0,678794563	0.00	40,5
0.00	5.00	1.00	1.00	-0,685894787	1.00	80.00
1.00	3.00	1.00	1.00	-1,490801573	1.00	170.00
1.00	5.00	1.00	0.00	0,494020492	1.00	80,5
0.00	5.00	1.00	0.00	-0,076847501	0.00	32.00
1.00	6.00	1.00	0.00	-0,898128688	1.00	0.00
1.00	3.00	1.00	1.00	-3,143369913	1.00	97,5
1.00		1.00	1.00	0,0428182	1.00	88,80000305
1.00		1.00	1.00	0,179243192	0.00	47,79999924
1.00	3.00	1.00	0.00	-0,57864219	1.00	43,36999893
0.00	3.00	1.00	0.00	0,737685025	1.00	80,5
1.00	5.00	1.00	1.00	-1,732044578	1.00	79,5
1.00	4.00	1.00	1.00	-0,960163593	1.00	19.00
0.00	4.00	1.00	0.00	-0,735010087	1.00	12.00
0.00	3.00	1.00	0.00	-1,392907023	0.00	30.00
1.00		1.00	1.00	-0,166149333	0.00	170.00
1.00	4.00	1.00	0.00	1,392568946	1.00	100,5
1.00	8.00	1.00	0.00	-0,762602091	1.00	44,02399826
0.00	4.00	1.00	1.00	-1,21488905	1.00	0.00
1.00	6.00	1.00	0.00	-2,790629148	1.00	69.00
1.00	3.00	1.00	0.00	-1,096246004	1.00	12,60000038
0.00	6.00	1.00	0.00	-0,446541399	1.00	23,20000076
0.00	7.00	1.00	0.00	-1,512372017	0.00	60.00
1.00	5.00	1.00	0.00	-1,515176058	1.00	43,29999924
1.00	5.00	1.00	1.00	-1,586951375	1.00	49,5
0.00	8.00	1.00	1.00	-1,223868966	0.00	256.00
0.00		1.00	1.00	0,463038594	1.00	109,9000015
1.00	3.00	1.00	0.00	-0,182166114	1.00	114.00
1.00	5.00	1.00	1.00	-1,473266602	1.00	55.00
1.00	4.00	1.00	1.00	-1,466501832	1.00	93,30000305
1.00	5.00	1.00	0.00	0,035702702	1.00	65,30000305
0.00	6.00	1.00	1.00	-3,691019535	1.00	79.00
1.00	10.00	1.00	1.00	-1,259132981	1.00	0.00
0.00	4.00	1.00	0.00	0,568423808	1.00	84,05000305
0.00		1.00	1.00	-0,115694463	1.00	400.00
1.00	3.00	1.00	0.00	2,390285969	1.00	58,5
1.00	7.00	1.00	1.00	-2,541558504	1.00	49.00
0.00	5.00	1.00	0.00	-1,346362114	1.00	80.00
0.00	4.00	1.00	0.00	-1,132387042	0.00	48.00
1.00		1.00	1.00	0,264996499	1.00	4,5
0.00	3.00	1.00	0.00	0,387867689	1.00	133,5
0.00	3.00	1.00	0.00	-0,51777941	0.00	40.00
0.00	5.00	1.00	1.00	-0,451153129	1.00	45.00
0.00	7.00	1.00	1.00	-2,476319075	1.00	59.00
0.00	3.00	1.00	1.00	-0,771963656	1.00	94,40000153
1.00	4.00	1.00	0.00	0,333949715	1.00	43,86999893
1.00	8.00	1.00	0.00	1,003957987	1.00	48,5
1.00	5.00	1.00	1.00	-1,060942054	1.00	43,29999924
0.00		1.00	1.00	1,5721699	1.00	190.00
0.00	4.00	1.00	1.00	-1,662240386	1.00	0.00
0.00	5.00	1.00	0.00	2,837057829	1.00	103,4990997
1.00	5.00	1.00	0.00	1,934056997	1.00	36,5
0.00		1.00	1.00	-0,027023066	0.00	55,70000076
1.00	5.00	1.00	0.00	-1,037763	1.00	0.00
0.00		1.00	1.00	0,055125292	1.00	72,5
1.00	5.00	1.00	1.00	-1,552296162	1.00	39,5
0.00		1.00	1.00	-0,318604529	1.00	60.00
1.00	4.00	1.00	0.00	-0,0755568	1.00	89.00
1.00	6.00	1.00	0.00	-2,013121128	1.00	107,5
0.00	6.00	1.00	1.00	-0,969380915	0.00	0.00
1.00	5.00	1.00	1.00	-1,791795254	1.00	199,4996033
1.00	3.00	1.00	1.00	-2,74452424	1.00	11.00
1.00		1.00	1.00	0,253855586	1.00	73,5
1.00		1.00	1.00	0,960490763	1.00	50,5
0.00	12.00	1.00	0.00	-0,468912184	1.00	407,9997864
0.00	6.00	1.00	1.00	-1,70065558	0.00	23,21999931
0.00	5.00	1.00	0.00	-1,157334089	1.00	36.00
1.00	6.00	1.00	1.00	-3,493034601	1.00	141,3699951
0.00	8.00	1.00	1.00	-1,874945521	0.00	2.00
0.00	8.00	1.00	1.00	-1,254166961	1.00	80.00
1.00	9.00	1.00	1.00	-1,775212884	0.00	549,5
1.00	6.00	1.00	1.00	-0,833040357	1.00	51,60039902
0.00	6.00	1.00	1.00	-0,457072735	1.00	120.00
1.00	3.00	1.00	1.00	-1,484698772	0.00	69.00
0.00	4.00	1.00	0.00	-0,351659685	0.00	28.00
1.00	5.00	1.00	1.00	-0,601466775	1.00	0.00
1.00	5.00	1.00	0.00	-0,245516405	1.00	53,59999847
0.00		1.00	1.00	1,740008831	1.00	86,5
0.00	4.00	1.00	1.00	-1,029309273	1.00	50.00
1.00	5.00	1.00	1.00	-1,279799581	1.00	66.00
1.00	3.00	1.00	1.00	-1,67989707	1.00	65,5
1.00	10.00	1.00	0.00	0,515051365	0.00	73,40000153
1.00	8.00	1.00	0.00	0,677121997	1.00	51,20000076
0.00	6.00	1.00	1.00	-2,897123098	1.00	27.00
0.00		1.00	1.00	0,402534604	1.00	150,5
0.00	4.00	1.00	1.00	-4,194304943	1.00	73.00
1.00	5.00	1.00	1.00	-2,703534603	1.00	23.00
1.00		1.00	1.00	-0,173339725	1.00	80.00
0.00		1.00	1.00	1,181419611	1.00	95,5
0.00	4.00	1.00	1.00	-1,786360383	0.00	55,5
1.00	7.00	1.00	1.00	-1,530526757	1.00	24.00
1.00	3.00	1.00	1.00	-1,068822026	1.00	60.00
1.00	4.00	1.00	1.00	-0,574580729	1.00	71,30000305
0.00	8.00	1.00	1.00	-0,62201643	1.00	141,0399933
0.00	5.00	1.00	1.00	-1,673925638	1.00	42,70000076
1.00		1.00	1.00	0,734212935	1.00	6,5
0.00	3.00	1.00	0.00	-0,0040719	0.00	60,5
1.00	3.00	1.00	1.00	-1,21135056	1.00	77,40000153
0.00	3.00	1.00	1.00	-1,241698861	1.00	55,90000153
1.00	11.00	1.00	0.00	1,666263938	1.00	182,5
1.00	5.00	1.00	0.00	-1,390090108	0.00	53.00
1.00	6.00	1.00	0.00	-1,113277078	0.00	24.00
1.00	6.00	1.00	0.00	-1,06686604	1.00	48,59999847
1.00	4.00	1.00	1.00	-1,076212645	1.00	0.00
0.00	4.00	1.00	1.00	-0,804626703	0.00	225.00
0.00	3.00	1.00	1.00	-0,407342225	1.00	85.00
1.00	3.00	1.00	1.00	-0,878617704	0.00	35.00
1.00	4.00	1.00	1.00	-1,626595616	1.00	29,5
0.00	4.00	1.00	1.00	-3,812494516	1.00	19.00
1.00		1.00	1.00	0,338212937	1.00	43,5
0.00		1.00	1.00	-0,280712098	1.00	0.00
0.00	5.00	1.00	1.00	-1,435674906	1.00	51,59999847
1.00	5.00	1.00	0.00	0,781719804	1.00	60,5
0.00		1.00	1.00	-0,073681667	0.00	500.00
1.00	4.00	1.00	0.00	-2,141760111	0.00	46,90000153
1.00	8.00	1.00	1.00	-1,468334198	1.00	62.00
0.00	3.00	1.00	0.00	-0,930131376	1.00	30.00
1.00	5.00	1.00	0.00	-0,179611817	1.00	60.00
0.00	6.00	1.00	0.00	-0,5257411	1.00	57,90000153
0.00	6.00	1.00	1.00	-1,251095891	1.00	230.00
0.00	6.00	1.00	0.00	1,470541954	1.00	75,5
0.00	4.00	1.00	0.00	0,816363513	1.00	113,5
1.00	3.00	1.00	0.00	-0,660843015	1.00	51.00
0.00	5.00	1.00	0.00	0,055036902	1.00	43,79999924
1.00	5.00	1.00	1.00	-1,167818189	1.00	70.00
1.00	6.00	1.00	0.00	0,155615702	1.00	12,5
1.00	9.00	1.00	0.00	-0,597109795	1.00	185,5
0.00	4.00	1.00	1.00	-0,641290069	1.00	25.00
0.00	6.00	1.00	1.00	-1,341260195	1.00	90.00
1.00	7.00	1.00	1.00	-1,313611269	1.00	96,44999695
0.00		1.00	1.00	-0,250167727	1.00	105.00
1.00	5.00	1.00	0.00	2,795740843	1.00	87,09999847
1.00	3.00	1.00	0.00	-1,48141408	1.00	40.00
1.00	6.00	1.00	0.00	-0,421799392	1.00	40.00
0.00	7.00	1.00	0.00	-2,531584978	1.00	85.00
0.00	4.00	1.00	0.00	0,870376229	1.00	60,5
0.00	4.00	1.00	0.00	0,67893219	1.00	50,5
1.00	6.00	1.00	0.00	-0,881131291	1.00	30.00
0.00	3.00	1.00	1.00	-0,355893761	1.00	0.00
1.00	3.00	1.00	1.00	-0,633994222	1.00	95.00
0.00	9.00	1.00	1.00	-0,595355511	1.00	129,8999939
1.00	3.00	1.00	0.00	1,25155592	0.00	0,5
1.00	3.00	1.00	0.00	1,098228931	1.00	30,5
1.00	4.00	1.00	0.00	0,761906087	1.00	0,5
1.00	4.00	1.00	0.00	-1,023048043	0.00	75.00
0.00	7.00	1.00	1.00	-1,538469195	1.00	42,5
1.00	8.00	1.00	0.00	0,184075281	1.00	62,5
1.00	13.00	1.00	0.00	0,119743697	1.00	4,400000095
1.00	3.00	1.00	1.00	-0,71755898	0.00	33.00
1.00	5.00	1.00	1.00	-1,099737048	1.00	29,60000038
1.00	5.00	1.00	1.00	-2,208113194	1.00	61.00
1.00	4.00	1.00	0.00	-0,821222484	1.00	0.00
1.00		1.00	1.00	1,633823991	0.00	0,5
0.00	3.00	1.00	0.00	0,095501699	1.00	43,5
0.00	6.00	1.00	0.00	-0,348433912	1.00	20.00
1.00	6.00	1.00	1.00	-1,228094935	1.00	20.00
0.00	11.00	1.00	1.00	-1,749139667	0.00	86,5
0.00	4.00	1.00	0.00	-0,544545293	1.00	13,5
0.00		1.00	1.00	1,121495605	1.00	160,0700073
1.00	4.00	1.00	1.00	-0,991450429	1.00	0.00
1.00	7.00	1.00	0.00	0,9574368	1.00	539,5
0.00	5.00	1.00	0.00	-0,705397427	0.00	30.00
1.00	5.00	1.00	1.00	-0,384889573	1.00	30.00
1.00	8.00	1.00	0.00	2,042626858	1.00	10,5
1.00	2.00	1.00	0.00	0,179157183	0.00	0,5
0.00	9.00	1.00	0.00	-1,405919075	0.00	129,1000061
0.00	5.00	1.00	0.00	-2,10209012	0.00	54,90000153
1.00	5.00	1.00	0.00	1,442167997	1.00	40,5
1.00	10.00	1.00	1.00	-0,353809625	1.00	141.00
1.00	4.00	1.00	0.00	-0,777189016	1.00	43.00
1.00	4.00	1.00	0.00	-0,376223207	1.00	47,29999924
0.00	6.00	1.00	0.00	2,020260096	1.00	117,2399979
0.00		1.00	1.00	-0,281362504	1.00	78,30000305
1.00	4.00	1.00	0.00	-0,183507904	1.00	60.00
0.00	4.00	1.00	1.00	-1,574581742	1.00	23,5
0.00		1.00	1.00	0,195915118	0.00	50,5
0.00	3.00	1.00	0.00	-0,599795699	1.00	15.00
0.00	6.00	1.00	0.00	-0,296254694	1.00	14.00
0.00	4.00	1.00	1.00	-0,86454457	1.00	43.00
0.00	7.00	1.00	0.00	-1,120486021	1.00	151.00
1.00	7.00	1.00	0.00	-0,301539689	1.00	127.00
1.00	5.00	1.00	0.00	-1,438518047	1.00	0.00
0.00	4.00	1.00	0.00	-0,910816371	0.00	70.00
0.00		1.00	1.00	2,04196167	1.00	120,5
1.00	7.00	1.00	0.00	1,352585912	1.00	54,5
1.00	5.00	1.00	0.00	0,663622379	1.00	30,5
1.00	3.00	1.00	0.00	0,182968393	1.00	0,5
1.00		1.00	1.00	0,065540656	1.00	73,5
0.00	8.00	1.00	0.00	-0,395745188	0.00	73.00
0.00	6.00	1.00	0.00	-1,235515118	1.00	44.00
0.00		1.00	1.00	4,732727528	1.00	0,5
1.00	7.00	1.00	0.00	-2,298953056	1.00	15,5
1.00	6.00	1.00	0.00	0,006769399	1.00	30,5
1.00	9.00	1.00	1.00	-0,575924933	1.00	42.00
0.00	5.00	1.00	1.00	-1,871012211	1.00	66,80000305
1.00	4.00	1.00	0.00	0,587002695	1.00	109,0999985
0.00		1.00	1.00	0,38035962	1.00	20,5
1.00	8.00	1.00	0.00	-3,985822916	1.00	192.00
0.00		1.00	1.00	0,018703064	1.00	60,5
0.00	4.00	1.00	0.00	1,147182941	1.00	43,5
1.00	5.00	1.00	0.00	3,374595881	1.00	44,5
0.00	6.00	1.00	0.00	-3,275180101	1.00	49.00
1.00	3.00	1.00	1.00	-0,983519375	0.00	0.00
0.00	5.00	1.00	0.00	-0,274128288	1.00	170.00
0.00		1.00	1.00	0,353864312	1.00	0,5
0.00	5.00	1.00	0.00	-0,016871301	1.00	70,5
0.00	4.00	1.00	0.00	1,313934922	1.00	120,5
0.00	7.00	1.00	0.00	-2,212967157	0.00	16,60000038
1.00	4.00	1.00	0.00	-0,214462921	0.00	10.00
0.00	5.00	1.00	0.00	0,172885105	1.00	70,5
0.00	3.00	1.00	0.00	-1,957415104	1.00	17,5
0.00	7.00	1.00	1.00	-1,702835202	1.00	15,5
0.00	5.00	1.00	1.00	-1,586932778	1.00	154,3999939
0.00	6.00	1.00	0.00	1,195635915	1.00	43,5
0.00	3.00	1.00	1.00	-1,429362655	1.00	0.00
0.00	6.00	1.00	0.00	0,058293998	1.00	47,79999924
0.00	5.00	1.00	1.00	-2,445002794	1.00	171.00
1.00	6.00	1.00	0.00	1,055494905	1.00	110,5
0.00	5.00	1.00	0.00	-1,212789059	1.00	80.00
0.00	6.00	1.00	1.00	-1,284955978	0.00	40.00
0.00		1.00	1.00	0,937368274	1.00	98,39990997
1.00	6.00	1.00	0.00	-1,37006402	1.00	40.00
1.00		1.00	1.00	0,963950217	1.00	145,5
0.00		1.00	1.00	-0,268774778	1.00	44.00
1.00	6.00	1.00	1.00	-0,428778291	1.00	20.00
1.00	5.00	1.00	1.00	-3,424073458	1.00	225,3999939
1.00		1.00	1.00	-0,26882419	0.00	36.00
1.00	5.00	1.00	0.00	-0,684189975	0.00	20.00
0.00	6.00	1.00	0.00	-1,625436068	1.00	152,5
1.00	4.00	1.00	1.00	-0,518594265	1.00	43.00
1.00	7.00	1.00	0.00	-1,055335045	1.00	88.00
0.00	5.00	1.00	0.00	-0,890844882	1.00	36.00
1.00	4.00	1.00	1.00	-3,092047215	1.00	0.00
1.00		1.00	1.00	-0,02887425	0.00	200,5
0.00		1.00	1.00	-0,082389526	1.00	87.00
1.00	4.00	1.00	0.00	0,020715898	1.00	45,29999924
1.00		1.00	1.00	-0,022731354	0.00	105,4000015
0.00	5.00	1.00	1.00	-0,815135479	1.00	48.00
0.00	3.00	1.00	1.00	-1,511448264	1.00	58,40000153
1.00	2.00	1.00	1.00	-0,629270673	1.00	40.00
1.00	6.00	1.00	1.00	-1,964568973	0.00	29,5
1.00		1.00	1.00	0,18881771	1.00	79,69999695
1.00		1.00	1.00	0,488881201	1.00	73.00
0.00	5.00	1.00	1.00	-1,242243767	1.00	255,3769989
0.00	11.00	1.00	1.00	-3,576051474	1.00	34.00
1.00	5.00	1.00	1.00	-0,717499673	1.00	210.00
1.00	3.00	1.00	1.00	-1,633812308	1.00	39,5
0.00	4.00	1.00	1.00	-1,088285804	0.00	55.00
1.00		1.00	1.00	-0,282233804	0.00	43,36999893
0.00	4.00	1.00	1.00	-1,261731386	0.00	50.00
1.00	4.00	1.00	1.00	-1,744655013	1.00	66,09999847
1.00	5.00	1.00	0.00	-1,283771038	0.00	111,8000031
0.00	7.00	1.00	0.00	0,071103401	1.00	68,59999847
0.00	4.00	1.00	1.00	-1,102301478	1.00	45.00
1.00	7.00	1.00	0.00	1,315495968	1.00	131,5
1.00	7.00	1.00	0.00	-0,213621214	0.00	173,4799957
1.00	5.00	1.00	0.00	0,690076172	1.00	50,5
0.00	8.00	1.00	1.00	-1,49011457	1.00	0.00
1.00	5.00	1.00	0.00	2,568569899	0.00	102,5
1.00	3.00	1.00	0.00	-1,121966004	1.00	258.00
0.00	4.00	1.00	1.00	-1,779770136	1.00	34,5
1.00	4.00	1.00	1.00	-1,936882496	1.00	119,5
0.00	10.00	1.00	1.00	-1,789220095	0.00	2,5
0.00	6.00	1.00	0.00	-2,0674541	1.00	59,5
1.00	8.00	1.00	1.00	-1,645229459	1.00	4,699999809
1.00	6.00	1.00	0.00	-0,82787627	1.00	36.00
1.00	3.00	1.00	0.00	0,403892696	1.00	0,5
1.00		1.00	1.00	0,401241541	1.00	0,5
0.00	4.00	1.00	0.00	1,996469975	1.00	106,5
0.00	12.00	1.00	0.00	-2,892718077	1.00	160,6000061
0.00	2.00	1.00	0.00	0,726835072	0.00	0,5
0.00	5.00	1.00	0.00	-0,497502327	1.00	33,20000076
1.00	3.00	1.00	1.00	-0,58896178	0.00	61.00
0.00	5.00	1.00	0.00	-1,713414073	1.00	133,5
0.00	7.00	1.00	1.00	-1,565160632	1.00	191,2400055
0.00	4.00	1.00	1.00	-0,960213542	1.00	86,59999847
1.00	8.00	1.00	1.00	-2,080115318	1.00	119,5
0.00	5.00	1.00	0.00	1,13657999	1.00	55,49913788
0.00		1.00	1.00	0,3666794	1.00	38,90000153
0.00	4.00	1.00	0.00	-0,932337224	1.00	30.00
1.00		1.00	1.00	0,55386734	1.00	169,2097931
0.00		1.00	1.00	1,45061326	0.00	198,5
0.00	2.00	1.00	1.00	-1,919861913	1.00	14,5
0.00	4.00	1.00	1.00	-0,401653975	1.00	45.00
1.00	7.00	1.00	1.00	-1,416327238	1.00	0.00
0.00	7.00	1.00	1.00	-1,353719115	1.00	20.00
0.00	3.00	1.00	0.00	0,107576199	0.00	70,5
0.00	6.00	1.00	1.00	-4,72743845	1.00	21.00
1.00	5.00	1.00	0.00	-0,228339121	1.00	0.00
0.00		1.00	1.00	0,456082255	1.00	60,5
0.00	3.00	1.00	0.00	0,389488786	1.00	120,5
0.00		1.00	1.00	0,152109176	1.00	0,5
1.00	13.00	1.00	0.00	0,741574407	1.00	24,5
1.00	5.00	1.00	0.00	-2,047614098	0.00	55,5
0.00	7.00	1.00	0.00	2,785827875	1.00	20,5
1.00	4.00	1.00	0.00	0,309312999	1.00	65.00
0.00	4.00	1.00	0.00	0,396883696	1.00	90,5
0.00		1.00	1.00	0,886052072	1.00	0,5
0.00	3.00	1.00	1.00	-1,125109911	1.00	39,40000153
1.00	8.00	1.00	0.00	-1,195716023	0.00	0.00
1.00	8.00	1.00	0.00	-0,968962967	1.00	150.00
0.00	3.00	1.00	0.00	0,17606248	1.00	54,09999847
1.00	6.00	1.00	0.00	0,933475494	1.00	80,5
0.00	4.00	1.00	0.00	-0,669783115	1.00	0.00
0.00		1.00	1.00	0,657769382	1.00	130,3000031
0.00	4.00	1.00	1.00	-3,213554144	1.00	72.00
0.00	4.00	1.00	0.00	-0,766176105	1.00	28.00
0.00		1.00	1.00	0,378958941	1.00	50,5
1.00	6.00	1.00	0.00	-0,865934312	1.00	55.00
0.00	4.00	1.00	0.00	0,059943803	0.00	218,5
1.00	4.00	1.00	0.00	-1,007201076	1.00	50.00
1.00	7.00	1.00	1.00	-0,910201013	1.00	80.00
0.00	5.00	1.00	1.00	-1,445240855	1.00	60.00
0.00	3.00	1.00	1.00	-1,65435183	1.00	59,5
1.00		1.00	1.00	-0,045842305	1.00	68.00
0.00	6.00	1.00	0.00	-0,678952098	0.00	60.00
0.00	5.00	1.00	1.00	-0,403829992	0.00	132.00
0.00	3.00	1.00	0.00	0,536763906	1.00	68,01000214
1.00	10.00	1.00	0.00	-0,594039798	1.00	163,6000061
0.00	3.00	1.00	0.00	-0,29190439	1.00	45,29999924
0.00	4.00	1.00	0.00	-0,472000718	1.00	77.00
1.00	4.00	1.00	0.00	-2,389886141	1.00	39.00
1.00	6.00	1.00	0.00	-1,207923055	1.00	105,4000015
1.00	7.00	1.00	0.00	-1,677685022	0.00	119,9499969
1.00	3.00	1.00	1.00	-1,556650043	1.00	14,5
1.00	9.00	1.00	1.00	-0,721033633	0.00	44.00
1.00	4.00	1.00	1.00	-1,328209519	1.00	36.00
0.00		1.00	1.00	0,033326883	1.00	108,5
1.00	3.00	1.00	0.00	-1,890563011	1.00	39,5
1.00	4.00	1.00	1.00	-1,355595708	1.00	115.00
0.00	6.00	1.00	1.00	-1,23420465	1.00	101,5999985
0.00	14.00	1.00	0.00	-0,462386608	1.00	214,8999939
1.00	3.00	1.00	0.00	-1,152482033	1.00	0.00
0.00		1.00	1.00	4,097700596	1.00	50,5
1.00		1.00	1.00	-0,255642205	1.00	131.00
1.00	5.00	1.00	0.00	-1,978111029	1.00	0.00
0.00	8.00	1.00	0.00	1,087362885	1.00	139,6600037
0.00	7.00	1.00	0.00	0,244931683	0.00	100,5
1.00	5.00	1.00	0.00	-2,150488138	1.00	27.00
1.00	7.00	1.00	1.00	-1,480490804	1.00	1.00
1.00	3.00	1.00	0.00	-0,440628588	1.00	31,5
1.00	4.00	1.00	1.00	-1,540658116	1.00	29,5
0.00	3.00	1.00	0.00	1,308251977	1.00	18,70000076
0.00		1.00	1.00	-0,051128019	1.00	100.00
0.00		1.00	1.00	-0,0389218	1.00	40.00
0.00	4.00	1.00	0.00	-1,724951029	1.00	59,5
0.00	5.00	1.00	1.00	-1,802557588	0.00	87,90000153
1.00	6.00	1.00	0.00	1,13844192	1.00	134,5
0.00	6.00	1.00	0.00	-0,5558213	1.00	260,3399963
0.00		1.00	1.00	3,137983799	1.00	45,5
0.00		1.00	1.00	-0,158360809	1.00	66.00
1.00	9.00	1.00	0.00	-1,490813017	1.00	0.00
1.00	4.00	1.00	0.00	-0,701772988	1.00	14.00
1.00	4.00	1.00	0.00	-1,46805203	0.00	210.00
0.00	6.00	1.00	0.00	-1,02452004	1.00	30.00
1.00	5.00	1.00	0.00	-1,204651117	1.00	117,1999969
1.00	6.00	1.00	0.00	-0,145976707	1.00	900.00
1.00	10.00	1.00	0.00	-0,504144371	0.00	3.00
0.00	10.00	1.00	0.00	-2,231667995	1.00	79.00
1.00	5.00	1.00	1.00	-1,403970957	1.00	109,6999969
1.00	5.00	1.00	1.00	-1,246767163	1.00	70.00
1.00	5.00	1.00	1.00	-2,281505823	1.00	18,79999924
0.00	4.00	1.00	0.00	2,713744879	1.00	52,59999847
1.00	6.00	1.00	0.00	2,023166895	1.00	0,5
1.00	4.00	1.00	0.00	-1,214431047	1.00	30.00
0.00	4.00	1.00	0.00	-0,712130904	0.00	86,37000275
1.00		1.00	1.00	-0,27954179	1.00	40.00
0.00		1.00	1.00	-0,045940179	1.00	30.00
1.00	9.00	1.00	0.00	-1,068451047	1.00	168.00
1.00	5.00	1.00	1.00	-0,963154674	1.00	164.00
0.00	10.00	1.00	0.00	-0,895611405	0.00	84,00980377
1.00	3.00	1.00	0.00	1,883154988	1.00	43,79999924
1.00	4.00	1.00	1.00	-1,572629094	1.00	117,5
0.00	6.00	1.00	1.00	-1,208132863	0.00	32.00
0.00		1.00	1.00	-0,105238467	1.00	47.00
1.00	5.00	1.00	0.00	-0,287423611	1.00	82.00
1.00	4.00	1.00	0.00	0,413670808	0.00	69,5
1.00	4.00	1.00	0.00	-0,517284393	1.00	28.00
1.00	4.00	1.00	0.00	-1,180534005	1.00	0.00
0.00	7.00	1.00	0.00	0,55622071	1.00	0,5
1.00	5.00	1.00	0.00	-1,591530085	1.00	109,5
1.00		1.00	1.00	-0,133765861	1.00	30.00
0.00	4.00	1.00	1.00	-1,409879088	1.00	124.00
1.00	4.00	1.00	0.00	-0,986758053	1.00	12.00
1.00	4.00	1.00	0.00	0,116753802	0.00	51,70000076
1.00	15.00	1.00	1.00	-0,9317711	1.00	360.00
1.00	3.00	1.00	0.00	-3,938225985	1.00	4.00
0.00		1.00	1.00	-0,168005168	0.00	95.00
0.00	3.00	1.00	0.00	-0,745991111	1.00	0.00
0.00	4.00	1.00	1.00	-0,386392862	1.00	61.00
0.00	9.00	1.00	1.00	-1,055597186	1.00	126,5250015
0.00	5.00	1.00	1.00	-0,434411287	1.00	43,29999924
0.00	4.00	1.00	0.00	0,933107674	1.00	80,5
1.00	6.00	1.00	1.00	-1,513890028	1.00	80.00
1.00	4.00	1.00	0.00	-1,605853081	0.00	42,5
1.00	5.00	1.00	1.00	-0,719383538	1.00	0.00
1.00	4.00	1.00	0.00	0,186520591	1.00	60,5
1.00	10.00	1.00	0.00	-0,730649412	1.00	54,90000153
1.00	4.00	1.00	0.00	-0,611256182	1.00	105.00
1.00	5.00	1.00	0.00	0,619713902	1.00	70,5
0.00	4.00	1.00	1.00	-1,962288022	1.00	61,29999924
0.00	4.00	1.00	0.00	-0,924916685	1.00	0.00
0.00	8.00	1.00	0.00	-4,4572649	1.00	11.00
0.00	7.00	1.00	0.00	-1,189563036	1.00	92.00
0.00	3.00	1.00	0.00	0,301565498	1.00	15,5
1.00	8.00	1.00	0.00	0,330148697	1.00	40,5
0.00	9.00	1.00	1.00	-5,039225101	1.00	51,79999924
1.00	5.00	1.00	1.00	-1,072534084	1.00	0.00
1.00	7.00	1.00	0.00	-0,180260316	1.00	0.00
1.00	6.00	1.00	0.00	-0,937029719	1.00	103.00
1.00	4.00	1.00	0.00	-1,577721	1.00	49,5
1.00	5.00	1.00	1.00	-1,232457638	1.00	17.00
0.00	10.00	1.00	0.00	-0,357174486	1.00	122,4000015
1.00	5.00	1.00	1.00	-0,533488929	1.00	46,79999924
0.00		1.00	1.00	-0,256720692	1.00	87,37000275
1.00	5.00	1.00	1.00	-0,437703401	1.00	163.00
0.00	3.00	1.00	0.00	0,852906883	1.00	46.00
1.00		1.00	1.00	-0,343578637	1.00	140,3128052
0.00	7.00	1.00	0.00	-1,828423023	1.00	17,5
0.00	3.00	1.00	0.00	0,027518099	0.00	50,5
0.00		1.00	1.00	-0,273694605	1.00	0.00
0.00	5.00	1.00	0.00	-0,840392709	1.00	81,40000153
0.00	4.00	1.00	1.00	-1,901613116	1.00	0.00
0.00	3.00	1.00	0.00	0,78665328	1.00	16,5
0.00	6.00	1.00	0.00	-2,314551115	1.00	204.00
1.00	6.00	1.00	0.00	-0,444864899	1.00	108,6999969
0.00	4.00	1.00	1.00	-1,160038471	1.00	51,59999847
1.00		1.00	1.00	1,196941018	1.00	300,5
0.00	5.00	1.00	0.00	0,450878114	1.00	44,5
1.00	3.00	1.00	0.00	0,696718693	1.00	80,5
0.00		1.00	1.00	-0,298577845	0.00	96,30000305
0.00	6.00	1.00	1.00	-0,440101713	1.00	5.00
1.00	8.00	1.00	1.00	-2,19990778	1.00	0.00
0.00	4.00	1.00	0.00	-0,433153391	1.00	43,29999924
1.00	8.00	1.00	1.00	-3,415605545	1.00	611.00
0.00	4.00	1.00	0.00	1,290184975	1.00	43,80089951
1.00	6.00	1.00	0.00	0,59301132	1.00	92,5
1.00	3.00	1.00	1.00	-1,308617234	1.00	50.00
0.00	6.00	1.00	0.00	0,014898898	1.00	100,8000031
0.00	4.00	1.00	0.00	0,416962504	1.00	111,5
0.00		1.00	1.00	0,474010289	1.00	229.00
1.00	5.00	1.00	0.00	4,25965929	1.00	0,5
1.00		1.00	1.00	0,43864128	1.00	39,20000076
1.00	5.00	1.00	0.00	-0,670597792	1.00	75.00
0.00	3.00	1.00	1.00	-0,637587011	1.00	35.00
1.00	2.00	1.00	1.00	-0,569961488	0.00	43.00
0.00	6.00	1.00	1.00	-1,616683602	0.00	29,5
1.00	3.00	1.00	0.00	-0,648468077	1.00	43,29999924
1.00	4.00	1.00	1.00	-0,47814998	1.00	134.00
0.00	3.00	1.00	0.00	-0,0143937	1.00	5,5
1.00	5.00	1.00	0.00	-0,401555985	1.00	110.00
0.00	2.00	1.00	0.00	-0,942128778	1.00	53,29999924
1.00		1.00	1.00	-0,334621996	1.00	315.00
1.00	4.00	1.00	1.00	-1,560014367	1.00	43,20000076
0.00		1.00	1.00	0,253159791	0.00	13,69999981
0.00	7.00	1.00	0.00	-1,359022021	1.00	0.00
1.00	6.00	1.00	1.00	-1,135882258	0.00	86.00
0.00	3.00	1.00	1.00	-0,490942419	1.00	91.00
0.00	7.00	1.00	0.00	-0,112923399	1.00	0.00
1.00		1.00	1.00	0,605352759	1.00	24,5
0.00	5.00	1.00	1.00	-0,537455738	1.00	12.00
1.00	3.00	1.00	1.00	-0,778589845	0.00	100.00
0.00	4.00	1.00	0.00	2,958199024	0.00	70,5
0.00	10.00	1.00	1.00	-2,107331038	1.00	118.00
0.00	3.00	1.00	0.00	0,144504189	1.00	52,5
1.00	5.00	1.00	0.00	3,792965889	1.00	32,5
1.00	4.00	1.00	0.00	-1,100181103	1.00	200.00
1.00	4.00	1.00	0.00	0,647355795	1.00	161,3000031
1.00		1.00	1.00	-0,259371668	1.00	43,29999924
1.00	11.00	1.00	1.00	-1,011977434	1.00	15,89999962
1.00	4.00	1.00	1.00	-0,546048641	1.00	45.00
0.00	4.00	1.00	0.00	-1,977365017	1.00	86,27999878
1.00	3.00	1.00	1.00	-1,168230891	1.00	102.00
1.00	3.00	1.00	1.00	-1,219999075	1.00	160.00
1.00		1.00	1.00	1,772336364	1.00	55,5
0.00	5.00	1.00	0.00	0,280755311	1.00	37,5
1.00	4.00	1.00	1.00	-1,978458881	1.00	29,5
0.00	4.00	1.00	0.00	0,298601389	1.00	25,5
1.00	5.00	1.00	0.00	0,635355175	1.00	115,8000031
1.00	4.00	1.00	0.00	-0,219780222	1.00	24.00
1.00	4.00	1.00	1.00	-0,85270828	1.00	160.00
1.00	5.00	1.00	0.00	-0,386478812	1.00	60.00
1.00	4.00	1.00	0.00	0,509382069	1.00	44,5
1.00	8.00	1.00	1.00	-2,513536692	1.00	19.00
0.00	6.00	1.00	0.00	-0,390892804	1.00	138,6000061
0.00	4.00	1.00	0.00	1,222530961	1.00	168,5
0.00	3.00	1.00	0.00	-1,933988094	0.00	28,5
0.00		1.00	1.00	-0,269010156	1.00	79,59999847
0.00	5.00	1.00	1.00	-1,072953939	1.00	86,77999878
0.00	3.00	1.00	0.00	0,793575406	1.00	120,5
1.00	11.00	1.00	0.00	-1,816529036	1.00	11,89999962
1.00	5.00	1.00	0.00	1,233355999	1.00	44,5
1.00	4.00	1.00	0.00	-0,552737594	0.00	43,29999924
1.00	5.00	1.00	0.00	-1,91534102	1.00	173,5
1.00	3.00	1.00	0.00	0,55911243	0.00	60,5
1.00		1.00	1.00	0,438492954	0.00	30,5
0.00	7.00	1.00	0.00	-1,036359072	1.00	36.00
0.00		1.00	1.00	1,020744324	1.00	15,5
1.00	4.00	1.00	0.00	-0,802490592	1.00	20.00
1.00	3.00	1.00	0.00	0,270528197	0.00	57,70000076
1.00	4.00	1.00	0.00	-0,308045208	1.00	134.00
0.00	7.00	1.00	1.00	-0,571545184	1.00	110.00
0.00	6.00	1.00	1.00	-1,387900591	1.00	68,40000153
0.00	7.00	1.00	0.00	-2,684461117	1.00	51,90000153
0.00	7.00	1.00	0.00	-0,600712478	1.00	93,56009674
1.00	4.00	1.00	0.00	-0,73766917	1.00	18.00
1.00		1.00	1.00	0,64693284	1.00	50,5
0.00	5.00	1.00	0.00	0,275890619	0.00	14,89999962
0.00	20.00	1.00	1.00	-2,536645412	0.00	62.00
0.00	5.00	1.00	0.00	1,030179977	0.00	60,20000076
0.00	4.00	1.00	0.00	-0,795778573	1.00	57,84999847
1.00	4.00	1.00	1.00	-1,955010414	1.00	106,6999969
0.00		1.00	1.00	-0,149476349	1.00	87,59999847
1.00	5.00	1.00	0.00	0,22776778	1.00	80,5
0.00	4.00	1.00	0.00	-2,835762024	1.00	47,29999924
0.00	5.00	1.00	1.00	-3,41511035	1.00	31.00
1.00	6.00	1.00	1.00	-2,416769505	1.00	65.00
0.00	6.00	1.00	1.00	-0,790636957	1.00	18.00
0.00		1.00	1.00	2,277268648	1.00	153,1999969
1.00	4.00	1.00	1.00	-0,701829493	1.00	30.00
0.00	5.00	1.00	0.00	-2,10184598	0.00	98,76000214
1.00		1.00	1.00	0,636388063	1.00	47,79999924
0.00		1.00	1.00	1,128283143	1.00	36,5
1.00		1.00	1.00	1,608410597	1.00	40,5
0.00	5.00	1.00	0.00	-0,675684512	1.00	36.00
1.00	3.00	1.00	0.00	-0,150788501	1.00	30.00
1.00	2.00	1.00	0.00	0,542149425	1.00	32,5
1.00	4.00	1.00	0.00	0,415222496	1.00	30,5
0.00	3.00	1.00	0.00	-1,716731071	1.00	74,5
1.00	4.00	1.00	0.00	-0,131970599	1.00	0.00
1.00	8.00	1.00	0.00	0,646923184	1.00	173,9799957
1.00	9.00	1.00	0.00	0,520937264	1.00	0,5
1.00	6.00	1.00	0.00	1,071858883	1.00	130,6100006
0.00	5.00	1.00	1.00	-2,547382355	1.00	85,73999786
1.00	6.00	1.00	0.00	1,432856917	0.00	60,5
0.00		1.00	1.00	0,162608832	1.00	71,30000305
0.00	5.00	1.00	1.00	-1,048891783	1.00	350.00
0.00	7.00	1.00	0.00	-0,957242787	1.00	220.00
1.00	6.00	1.00	1.00	-1,467945695	1.00	0.00
0.00	5.00	1.00	0.00	-2,466743946	1.00	39.00
1.00	4.00	1.00	0.00	0,369878292	1.00	64.00
1.00		1.00	1.00	0,58360976	1.00	0,5
0.00	3.00	1.00	1.00	-0,695932567	1.00	5.00
1.00	5.00	1.00	1.00	-1,590953708	1.00	0.00
0.00	5.00	1.00	1.00	-0,615819335	1.00	21,5
0.00	7.00	1.00	1.00	-2,429551363	1.00	39.00
1.00	9.00	1.00	0.00	-0,131575808	1.00	103.00
0.00	4.00	1.00	1.00	-0,876362324	1.00	59,40000153
0.00	4.00	1.00	0.00	-0,201005921	1.00	30.00
0.00	4.00	1.00	1.00	-1,422341347	1.00	90.00
0.00	3.00	1.00	0.00	-0,243604526	1.00	55.00
0.00	3.00	1.00	1.00	-1,498125434	1.00	44.00
1.00	4.00	1.00	1.00	-1,516541958	1.00	104.00
0.00		1.00	1.00	-0,014219264	1.00	0,5
1.00		1.00	1.00	1,108883262	0.00	25,5
1.00	2.00	1.00	0.00	-0,642869115	1.00	70.00
1.00	4.00	1.00	1.00	-1,34585619	1.00	50.00
1.00		1.00	1.00	0,445513844	1.00	8,5
1.00	5.00	1.00	0.00	-3,426641941	1.00	59.00
1.00	5.00	1.00	1.00	-2,025304079	1.00	87,5
0.00	4.00	1.00	0.00	-3,700232029	0.00	85.00
0.00	8.00	1.00	0.00	1,303085923	1.00	258,5
1.00	2.00	1.00	0.00	-1,000819921	0.00	42.00
0.00	2.00	1.00	1.00	-0,468447238	1.00	30.00
0.00	6.00	1.00	0.00	1,422884941	1.00	36,5
1.00	5.00	1.00	1.00	-0,900796652	1.00	93,30000305
1.00	4.00	1.00	0.00	-1,229141116	0.00	10.00
0.00	4.00	1.00	0.00	-0,2828646	1.00	84.00
1.00	7.00	1.00	0.00	-2,354712009	1.00	49.00
0.00	3.00	1.00	0.00	-0,360243797	1.00	43,79999924
0.00	4.00	1.00	1.00	-1,824813724	0.00	59,5
1.00	9.00	1.00	0.00	-0,56005162	1.00	143,9996033
1.00	4.00	1.00	0.00	-0,611838102	1.00	43.00
1.00	3.00	1.00	0.00	-0,146712795	1.00	70,80000305
0.00	5.00	1.00	1.00	-1,67459023	1.00	0.00
0.00	6.00	1.00	0.00	-0,272365987	0.00	80.00
0.00		1.00	1.00	-0,337756723	1.00	48.00
0.00	4.00	1.00	0.00	1,315391898	1.00	68,90000153
1.00	7.00	1.00	0.00	-0,194534615	0.00	140.00
1.00	7.00	1.00	1.00	-0,602715433	0.00	0.00
0.00	7.00	1.00	0.00	1,101241946	1.00	2.00
1.00	6.00	1.00	0.00	0,35255459	1.00	6,5
1.00	6.00	1.00	1.00	-2,77356267	0.00	85.00
1.00	4.00	1.00	1.00	-1,990388393	1.00	49,5
1.00	9.00	1.00	1.00	-1,081663251	1.00	230.00
0.00	2.00	1.00	0.00	0,556251705	1.00	17,89999962
0.00	4.00	1.00	0.00	0,407308012	1.00	55,5
0.00	5.00	1.00	1.00	-2,067425013	1.00	59,5
1.00	3.00	1.00	1.00	-2,312378883	1.00	65.00
1.00	5.00	1.00	0.00	0,287657201	1.00	0,5
1.00	4.00	1.00	0.00	0,295139611	1.00	20,5
0.00	3.00	1.00	1.00	-1,260175228	1.00	0.00
0.00	7.00	1.00	0.00	-2,296847105	1.00	105,8000031
1.00	5.00	1.00	0.00	-1,811971068	1.00	29,5
1.00		1.00	1.00	0,711220562	1.00	32,5
0.00	3.00	1.00	1.00	-2,155850172	1.00	149.00
1.00	4.00	1.00	1.00	-0,696609318	1.00	100.00
0.00		1.00	1.00	0,984300494	1.00	40,5
1.00	6.00	1.00	1.00	-1,722960591	1.00	136,1999969
0.00	5.00	1.00	0.00	0,550952494	1.00	74.00
0.00	6.00	1.00	1.00	-0,478231519	0.00	156.00
0.00	4.00	1.00	1.00	-1,922438502	0.00	0.00
1.00	3.00	1.00	0.00	0,277066797	1.00	201,1399994
1.00	10.00	1.00	0.00	0,637663603	1.00	0,5
0.00	6.00	1.00	0.00	-0,223517701	1.00	32,40000153
1.00	5.00	1.00	1.00	-1,826286316	1.00	59,5
1.00	3.00	1.00	1.00	-1,59835887	1.00	89,5
0.00	3.00	1.00	0.00	-0,055557303	1.00	40.00
0.00	3.00	1.00	0.00	-0,325151414	1.00	50.00
0.00	3.00	1.00	0.00	-0,99662298	1.00	43,29999924
1.00	3.00	1.00	1.00	-1,656567454	1.00	78,75
1.00	4.00	1.00	0.00	-1,256889105	1.00	340.00
0.00	3.00	1.00	0.00	-0,520618618	1.00	60,59999847
0.00		1.00	1.00	0,245120108	1.00	30,5
1.00		1.00	1.00	0,241267666	1.00	123,8000031
0.00		1.00	1.00	-0,056439415	1.00	97.00
0.00	3.00	1.00	0.00	0,169607505	1.00	8,5
1.00	4.00	1.00	0.00	-0,220936015	1.00	91.00
0.00	6.00	1.00	0.00	-1,017499089	1.00	51.00
0.00	4.00	1.00	0.00	1,499653935	0.00	30,5
0.00	4.00	1.00	1.00	-2,295426607	1.00	59.00
1.00	5.00	1.00	1.00	-1,447152376	0.00	86,59999847
1.00	4.00	1.00	1.00	-1,039727926	1.00	19.00
0.00	4.00	1.00	0.00	-1,394111037	1.00	36.00
1.00		1.00	1.00	2,963546515	0.00	74,55000305
0.00	4.00	1.00	0.00	-2,505184174	1.00	116.00
0.00		1.00	1.00	4,057451725	1.00	74,5
1.00	3.00	1.00	1.00	-0,528770268	1.00	5.00
1.00	3.00	1.00	0.00	-0,84085381	0.00	85,40000153
1.00	7.00	1.00	1.00	-0,962488472	0.00	37,90000153
1.00	4.00	1.00	0.00	-1,467581034	1.00	55.00
1.00	6.00	1.00	0.00	0,881260395	1.00	25,5
1.00	4.00	1.00	0.00	0,306965888	1.00	38,5
0.00	5.00	1.00	1.00	-0,624581099	1.00	87.00
1.00		1.00	1.00	1,263390064	1.00	2,5
0.00	4.00	1.00	0.00	-0,979638994	0.00	40.00
0.00	6.00	1.00	0.00	-1,580863118	1.00	42,5
1.00	5.00	1.00	1.00	-1,617563367	1.00	55,06999969
1.00	6.00	1.00	1.00	-0,549968064	1.00	32.00
0.00	6.00	1.00	0.00	-0,270387411	1.00	170,0119934
0.00	15.00	1.00	1.00	-0,520281911	0.00	70.00
0.00	4.00	1.00	1.00	-0,842256129	1.00	44.00
0.00	7.00	1.00	0.00	-1,57071209	1.00	199,5
1.00		1.00	1.00	-0,114747465	1.00	109,5
1.00	5.00	1.00	0.00	-0,450779587	0.00	23,64999962
0.00	5.00	1.00	0.00	-0,455263287	1.00	36.00
0.00	7.00	1.00	0.00	0,292658508	1.00	87,09999847
1.00	8.00	1.00	0.00	0,301109791	1.00	17,5
0.00	8.00	1.00	1.00	-3,001611471	1.00	119,4000015
0.00	5.00	1.00	0.00	-0,886665523	1.00	73,30000305
1.00		1.00	1.00	0,855788648	1.00	43,79999924
0.00	3.00	1.00	0.00	-1,409112096	1.00	16.00
0.00	4.00	1.00	0.00	-1,070221066	0.00	43.00
1.00	11.00	1.00	1.00	-1,497648358	1.00	30.00
1.00	7.00	1.00	0.00	-1,770263076	1.00	146,8699951
0.00	4.00	1.00	1.00	-1,595853209	1.00	63,5
1.00	5.00	1.00	0.00	-0,113199905	0.00	0.00
1.00	6.00	1.00	1.00	-0,611244082	0.00	31,60000038
1.00	4.00	1.00	1.00	-0,866855443	1.00	126.00
0.00	5.00	1.00	1.00	-1,46554935	0.00	110.00
1.00		1.00	1.00	1,971082687	1.00	75,5
0.00		1.00	1.00	-0,099839807	1.00	24.00
0.00	8.00	1.00	0.00	-1,166522026	1.00	102,9000015
1.00	4.00	1.00	0.00	-0,978923023	1.00	110.00
1.00	3.00	1.00	1.00	-1,389319301	1.00	55.00
1.00	5.00	1.00	0.00	0,540052712	1.00	105,5
0.00	5.00	1.00	1.00	-1,19630146	1.00	80.00
0.00	8.00	1.00	0.00	-2,00543499	0.00	42,70000076
0.00	6.00	1.00	0.00	-1,010223031	1.00	109,1999969
0.00	4.00	1.00	0.00	0,351009905	1.00	45,5
0.00	4.00	1.00	0.00	-1,568567038	1.00	69,5
0.00	3.00	1.00	1.00	-1,052892685	1.00	40.00
0.00	4.00	1.00	0.00	-1,658610106	1.00	47,5
1.00	3.00	1.00	0.00	-0,311091989	1.00	50.00
0.00	5.00	1.00	1.00	-2,271116495	1.00	41.00
1.00	4.00	1.00	0.00	1,020156026	1.00	70,5
0.00	5.00	1.00	0.00	0,489954501	1.00	200,5
0.00	7.00	1.00	1.00	-2,710694313	0.00	175,9600067
0.00	5.00	1.00	0.00	2,325203896	0.00	0,5
0.00	2.00	1.00	0.00	5,941913128	1.00	123,5
0.00	4.00	1.00	1.00	-1,106426954	1.00	60.00
0.00	12.00	1.00	0.00	-1,156355023	0.00	87,59980011
0.00	7.00	1.00	0.00	-0,5803231	1.00	90.00
1.00	4.00	1.00	1.00	-0,395361334	1.00	40.00
0.00	5.00	1.00	1.00	-1,279702663	1.00	88.00
0.00		1.00	1.00	1,008401155	0.00	0,5
0.00	6.00	1.00	1.00	-1,135126472	0.00	219,1999969
0.00	9.00	1.00	0.00	-2,813022137	1.00	85,73999786
1.00	4.00	1.00	0.00	-1,062308073	0.00	83,69999695
0.00	4.00	1.00	1.00	-1,276323676	1.00	30.00
0.00	5.00	1.00	0.00	-2,277059078	1.00	3.00
1.00	3.00	1.00	1.00	-1,189467072	1.00	45.00
0.00	6.00	1.00	0.00	-0,83517921	1.00	20.00
0.00	4.00	1.00	0.00	0,381863415	1.00	15,5
1.00	5.00	1.00	0.00	0,065845802	1.00	80,5
1.00		1.00	1.00	1,319529653	0.00	0,5
0.00	5.00	1.00	0.00	0,705938876	1.00	55,5
0.00	3.00	1.00	0.00	-0,425545901	1.00	64.00
0.00	5.00	1.00	0.00	-2,020905018	1.00	35,5
1.00	8.00	1.00	0.00	-1,456984043	1.00	429,9992065
0.00	6.00	1.00	0.00	0,196404979	0.00	20,5
1.00	4.00	1.00	1.00	-0,96013236	0.00	14.00
1.00		1.00	1.00	-0,071665078	1.00	50.00
0.00	6.00	1.00	1.00	-0,958148837	1.00	4.00
1.00	3.00	1.00	1.00	-2,517300844	1.00	59.00
0.00	6.00	1.00	1.00	-0,821559966	0.00	43.00
0.00	9.00	1.00	1.00	-2,152374506	1.00	15,39999962
1.00	4.00	1.00	0.00	-1,406012058	1.00	2.00
1.00	10.00	1.00	0.00	-2,197533131	1.00	240,3000031
0.00	5.00	1.00	1.00	-2,701994658	1.00	23,60000038
1.00		1.00	1.00	-0,165150464	0.00	103,7399979
1.00	3.00	1.00	0.00	0,315436602	1.00	45,5
1.00		1.00	1.00	-0,041925877	1.00	50.00
0.00	5.00	1.00	1.00	-1,777482033	1.00	62,79999924
0.00		1.00	1.00	0,338238388	1.00	0,5
0.00		1.00	1.00	-0,135264426	1.00	38,70000076
0.00		1.00	1.00	-0,133046031	1.00	260.00
0.00		1.00	1.00	0,473026454	1.00	125,5
1.00	4.00	1.00	0.00	-0,879591823	1.00	115.00
0.00	4.00	1.00	0.00	0,184679493	1.00	100,5
0.00	6.00	1.00	1.00	-0,713989556	1.00	210.00
1.00		1.00	1.00	-0,331812561	0.00	70.00
1.00	4.00	1.00	0.00	-1,156240106	1.00	0.00
1.00	3.00	1.00	0.00	0,304478794	1.00	22,5
1.00	5.00	1.00	0.00	0,921782494	1.00	80,5
0.00	4.00	1.00	0.00	-0,728880823	1.00	26,65999985
0.00	4.00	1.00	0.00	0,106915303	1.00	0,5
1.00	7.00	1.00	1.00	-0,821083724	1.00	84.00
0.00	3.00	1.00	0.00	0,582620502	1.00	18,5
0.00	5.00	1.00	0.00	-2,089421988	1.00	81.00
0.00	10.00	1.00	0.00	0,494818211	1.00	74,59999847
0.00	9.00	1.00	0.00	-0,0543046	1.00	60.00
0.00		1.00	1.00	1,894005537	1.00	59,04999924
0.00	6.00	1.00	0.00	-1,420172095	1.00	45.00
0.00		1.00	1.00	-0,223821163	0.00	30.00
0.00	5.00	1.00	1.00	-2,053346157	1.00	42,86999893
1.00	3.00	1.00	1.00	-3,0327034	1.00	4.00
1.00	5.00	1.00	1.00	-2,023478746	0.00	49,5
1.00	5.00	1.00	0.00	-1,465867043	0.00	18.00
0.00		1.00	1.00	-0,280851662	1.00	74.00
1.00		1.00	1.00	0,959799469	1.00	36,5
1.00	5.00	1.00	1.00	-1,872291684	1.00	19,5
0.00	3.00	1.00	1.00	-0,997465849	1.00	43,29999924
0.00		1.00	1.00	1,777637124	1.00	120,5
1.00	4.00	1.00	0.00	1,489992976	1.00	97,5
1.00	10.00	1.00	1.00	-2,263048887	1.00	30,5
1.00	9.00	1.00	1.00	-0,774103224	0.00	46,40000153
0.00	4.00	1.00	1.00	-1,314619064	1.00	61,79999924
0.00		1.00	1.00	-0,093280897	1.00	172.00
0.00		1.00	1.00	-0,154591188	1.00	48,59999847
1.00	3.00	1.00	0.00	0,321451396	1.00	0,5
0.00	3.00	1.00	0.00	-0,977175057	0.00	60.00
0.00	5.00	1.00	0.00	0,523957074	0.00	164,5
0.00	6.00	1.00	0.00	-1,984311104	1.00	172,6999969
1.00	5.00	1.00	1.00	-0,961066306	1.00	14,39999962
0.00		1.00	1.00	-0,19143039	0.00	70.00
0.00	7.00	1.00	1.00	-1,725851059	0.00	42,5
1.00	7.00	1.00	1.00	-1,237857342	1.00	129,3999939
0.00	5.00	1.00	1.00	-1,916661978	1.00	0.00
0.00	4.00	1.00	0.00	0,614180207	1.00	68,5
1.00	4.00	1.00	0.00	1,078012943	0.00	206,8999939
0.00	3.00	1.00	0.00	1,771303892	1.00	150,5
1.00	5.00	1.00	0.00	-0,58048892	1.00	6.00
1.00	10.00	1.00	1.00	-1,606435657	1.00	51,29999924
1.00	5.00	1.00	0.00	-0,912590683	1.00	98,30000305
0.00	3.00	1.00	0.00	0,081080101	0.00	142,8999939
1.00		1.00	1.00	1,31519866	0.00	44,5
0.00	4.00	1.00	0.00	-0,419780612	0.00	70.00
1.00	8.00	1.00	1.00	-2,084182262	1.00	43,5
1.00		1.00	1.00	0,534463942	1.00	76,5
0.00		1.00	1.00	-0,302689612	1.00	175,3500061
1.00	5.00	1.00	0.00	-0,392893791	0.00	104.00
1.00	3.00	1.00	0.00	-1,672391057	0.00	90.00
1.00	10.00	1.00	0.00	-1,815387011	1.00	137,5
1.00	6.00	1.00	1.00	-0,47735101	1.00	40,77999878
1.00	8.00	1.00	0.00	-1,733212113	1.00	19,5
1.00	6.00	1.00	0.00	-0,599402487	0.00	50.00
1.00	7.00	1.00	0.00	1,824868917	1.00	300,5
0.00	8.00	1.00	1.00	-1,09399426	1.00	14,80000019
0.00	9.00	1.00	0.00	-1,297945023	0.00	183.00
0.00	10.00	1.00	0.00	-0,112496793	1.00	50.00
1.00	3.00	1.00	1.00	-1,241320252	0.00	44.00
0.00	5.00	1.00	0.00	-0,904119611	1.00	0.00
0.00	5.00	1.00	1.00	-1,451828361	0.00	130.00
1.00		1.00	1.00	1,068086028	1.00	950,5
0.00	4.00	1.00	0.00	1,563913941	0.00	60,5
0.00	2.00	1.00	0.00	3,323837996	1.00	30,5
0.00	4.00	1.00	1.00	-1,490738273	1.00	136.00
0.00		1.00	1.00	-0,273457766	1.00	100,5500031
1.00	4.00	1.00	0.00	1,152833939	0.00	537,2399902
1.00	7.00	1.00	1.00	-0,738505363	1.00	0.00
0.00	4.00	1.00	0.00	-1,855622053	0.00	83,5
1.00	3.00	1.00	1.00	-0,632227838	1.00	80.00
1.00		1.00	1.00	4,600248337	1.00	200,6000061
1.00	4.00	1.00	1.00	-0,446476042	1.00	70.00
0.00	4.00	1.00	0.00	1,614098907	1.00	120,5
0.00		1.00	1.00	0,288929433	1.00	59.00
1.00	7.00	1.00	1.00	-1,424130201	1.00	31.00
0.00		1.00	1.00	-0,236741573	1.00	310,000885
1.00	5.00	1.00	1.00	-1,982083201	1.00	42,5
0.00	8.00	1.00	0.00	-0,970405996	0.00	115,4000015
1.00	3.00	1.00	0.00	0,952253699	0.00	180,5
0.00	2.00	1.00	1.00	-1,373688579	1.00	0.00
1.00	6.00	1.00	0.00	-1,009705067	0.00	50.00
1.00	3.00	1.00	0.00	-1,388291001	1.00	429,9992065
0.00	4.00	1.00	0.00	1,805396914	1.00	47.00
1.00	8.00	1.00	0.00	-1,583298087	0.00	29,5
1.00	4.00	1.00	0.00	-1,042981029	0.00	103,3700027
0.00		1.00	1.00	4,214525223	1.00	210,5
1.00		1.00	1.00	-0,035691258	1.00	40.00
1.00	8.00	1.00	0.00	-2,151230097	1.00	930,5999756
1.00	9.00	1.00	0.00	0,105706699	1.00	71,87000275
0.00	11.00	1.00	0.00	-0,628120124	0.00	152,8999939
0.00	5.00	1.00	0.00	0,123375304	1.00	10,5
0.00	3.00	1.00	1.00	-2,270924091	1.00	0.00
0.00	9.00	1.00	0.00	-2,403079033	1.00	18,20000076
1.00	5.00	1.00	1.00	-1,024184585	0.00	68,84999847
1.00	5.00	1.00	1.00	-1,466780186	1.00	116,25
0.00	3.00	1.00	1.00	-1,28294313	1.00	33.00
1.00	5.00	1.00	1.00	-0,47936058	1.00	0.00
1.00	6.00	1.00	0.00	0,631435275	1.00	100,5
1.00	5.00	1.00	0.00	-2,485635042	1.00	74.00
1.00	3.00	1.00	1.00	-0,347400278	1.00	0.00
1.00	4.00	1.00	1.00	-1,592963219	0.00	119,5
1.00		1.00	1.00	1,368361115	0.00	60,5
0.00	5.00	1.00	0.00	-0,817974389	1.00	43.00
1.00	9.00	1.00	1.00	-1,556965232	1.00	6,099999905
0.00	4.00	1.00	0.00	-0,189360604	1.00	10.00
0.00		1.00	1.00	0,259666562	1.00	18.00
1.00	5.00	1.00	1.00	-2,694426537	1.00	19.00
1.00		1.00	1.00	4,856631756	1.00	60,5
